molecular_weight,logP,tpsa,hbd,hba,rotatable_bonds,qed,vina_score,num_rings,aromatic_rings,caco2,bbb_logBB,h2o_sol_logS,bioavailability,sascore,plip_hbonds,plip_hydrophobic,plip_pi_stack,electrostatic_descriptor,topological_psa,pKd,affinity_nM,target_id,source_phytochemical,evidence_tier,notes
469.71,-0.35,71.25,1,4,1,0.708,-4.809,1,4,-5.156,-1.911,-4.907,0.6,2.13,1,8,3,-1.677,73.04,5.866,1362.48,T010_ERa,Bacoside A,3,Synthetic - ML prediction tier; NOT experimental
499.07,1.542,53.32,6,7,1,0.27,-10.775,3,4,-5.471,-1.87,-3.703,0.37,6.61,0,8,2,1.976,55.69,8.663,2.17,T010_ERa,Glycyrrhizin,3,Synthetic - ML prediction tier; NOT experimental
438.68,3.727,36.87,1,6,1,0.841,-5.001,4,2,-5.093,0.502,-5.187,0.51,5.35,5,1,1,0.205,31.77,6.385,412.24,T007_COX2,Quercetin,3,Synthetic - ML prediction tier; NOT experimental
259.81,1.446,145.25,0,5,0,0.804,-8.491,1,1,-4.174,-0.298,-2.41,0.43,4.5,5,7,1,-1.411,140.18,7.941,11.46,T006_Mpro,Quercetin,3,Synthetic - ML prediction tier; NOT experimental
281.37,3.008,164.67,3,7,3,0.948,-10.463,4,0,-4.488,0.583,-5.236,0.4,5.4,4,1,3,-0.71,174.6,6.899,126.21,T010_ERa,Gallic acid,3,Synthetic - ML prediction tier; NOT experimental
490.14,0.187,162.72,6,6,10,0.455,-9.299,2,3,-5.994,0.166,-2.402,0.88,5.81,4,1,2,2.05,162.87,6.761,173.53,T003_TLR4,Bacoside A,3,Synthetic - ML prediction tier; NOT experimental
336.96,0.469,173.02,4,2,9,0.443,-11.354,3,2,-5.521,-1.277,-3.163,0.35,5.66,0,8,1,-2.23,172.53,7.274,53.22,T010_ERa,Mangiferin,3,Synthetic - ML prediction tier; NOT experimental
632.18,5.073,143.29,5,5,4,0.499,-6.462,3,3,-4.201,-0.646,-4.76,0.34,2.11,4,3,1,-2.957,147.45,6.428,373.14,T001_mGluR2,Withanolide A,3,Synthetic - ML prediction tier; NOT experimental
183.7,-0.312,79.56,4,5,4,0.702,-9.893,2,4,-4.848,-1.271,-3.635,0.54,2.47,5,6,2,-0.459,78.9,8.658,2.2,T007_COX2,Ellagic acid,3,Synthetic - ML prediction tier; NOT experimental
180.31,3.869,150.09,0,5,3,0.343,-8.135,4,1,-5.443,-1.251,-1.384,0.57,6.31,4,1,0,0.913,150.9,6.212,614.36,T001_mGluR2,Ellagic acid,3,Synthetic - ML prediction tier; NOT experimental
613.18,4.592,54.95,3,9,3,0.848,-4.732,2,3,-5.996,-0.829,-1.367,0.77,3.43,5,8,3,-2.071,50.88,8.211,6.15,T006_Mpro,Gallic acid,3,Synthetic - ML prediction tier; NOT experimental
523.99,-0.157,117.63,4,10,2,0.243,-7.691,2,0,-4.81,0.026,-4.824,0.37,6.45,1,0,0,-0.485,119.3,5.168,6791.9,T006_Mpro,Glycyrrhizin,3,Synthetic - ML prediction tier; NOT experimental
617.35,0.726,137.43,1,6,6,0.298,-6.659,4,2,-4.142,0.807,-5.953,0.67,4.81,0,1,1,0.035,130.08,4.729,18653.9,T003_TLR4,Glycyrrhizin,3,Synthetic - ML prediction tier; NOT experimental
292.49,2.129,111.48,2,11,10,0.597,-6.491,5,2,-4.136,-1.689,-1.609,0.46,6.45,5,8,1,-1.366,113.58,7.572,26.78,T007_COX2,Glycyrrhizin,3,Synthetic - ML prediction tier; NOT experimental
251.8,3.305,69.6,3,6,0,0.269,-8.323,3,0,-5.993,0.313,-2.814,0.46,5.71,4,6,0,-2.329,78.5,7.94,11.49,T001_mGluR2,Glycyrrhizin,3,Synthetic - ML prediction tier; NOT experimental
441.25,0.389,49.12,2,7,0,0.874,-9.924,2,0,-5.293,-0.32,-1.626,0.88,5.75,1,2,1,2.288,39.61,7.359,43.78,T007_COX2,Glycyrrhizin,3,Synthetic - ML prediction tier; NOT experimental
541.19,1.97,130.49,5,5,4,0.319,-6.24,4,0,-4.283,-1.333,-1.917,0.58,3.53,1,3,0,0.96,128.46,5.345,4522.66,T010_ERa,Curcumin,3,Synthetic - ML prediction tier; NOT experimental
325.57,2.556,131.93,6,10,5,0.904,-10.635,3,1,-4.839,0.951,-5.809,0.66,3.73,2,6,0,-0.689,133.46,8.309,4.9,T004_FactorXa,Gallic acid,3,Synthetic - ML prediction tier; NOT experimental
504.39,-0.49,168.84,4,12,10,0.348,-8.265,6,2,-4.754,-0.01,-5.377,0.84,4.54,5,6,2,-0.586,164.75,7.477,33.37,T005_BACE1,Bacoside A,3,Synthetic - ML prediction tier; NOT experimental
457.76,1.306,112.19,0,6,4,0.358,-5.607,5,2,-5.07,-0.674,-4.931,0.58,6.51,5,2,0,-1.297,115.47,6.178,664.19,T006_Mpro,Glycyrrhizin,3,Synthetic - ML prediction tier; NOT experimental
196.69,5.212,65.23,2,5,3,0.311,-11.153,4,4,-4.301,-1.782,-3.928,0.68,2.97,5,6,3,-0.602,58.18,9.5,0.32,T010_ERa,Ellagic acid,3,Synthetic - ML prediction tier; NOT experimental
539.21,0.813,150.62,5,10,7,0.238,-9.631,1,3,-5.733,-0.606,-3.344,0.64,3.59,3,8,3,1.983,151.57,7.367,42.98,T003_TLR4,Berberine,3,Synthetic - ML prediction tier; NOT experimental
375.03,4.011,155.98,2,10,7,0.67,-9.441,1,2,-5.531,-0.992,-1.535,0.35,2.75,3,2,1,-2.615,154.13,6.855,139.53,T003_TLR4,Mangiferin,3,Synthetic - ML prediction tier; NOT experimental
344.74,4.119,171.91,0,11,6,0.558,-4.429,3,3,-4.293,0.86,-3.905,0.75,4.73,4,3,3,-1.683,170.63,5.403,3949.57,T001_mGluR2,Mangiferin,3,Synthetic - ML prediction tier; NOT experimental
318.06,3.575,90.65,1,9,2,0.936,-7.494,4,4,-4.871,-1.919,-2.786,0.38,4.31,0,4,3,-1.036,89.74,6.289,514.5,T004_FactorXa,Mangiferin,3,Synthetic - ML prediction tier; NOT experimental
276.14,-0.009,32.91,4,2,5,0.368,-10.985,6,0,-4.492,0.849,-5.003,0.31,2.76,1,7,0,0.384,27.27,9.274,0.53,T007_COX2,Curcumin,3,Synthetic - ML prediction tier; NOT experimental
533.45,0.507,121.09,5,3,2,0.924,-10.689,1,2,-4.848,0.724,-4.123,0.86,2.99,4,3,0,1.183,117.12,7.821,15.11,T010_ERa,Gallic acid,3,Synthetic - ML prediction tier; NOT experimental
323.6,2.07,85.59,4,12,5,0.209,-8.35,4,0,-5.133,-0.913,-1.542,0.58,2.76,1,8,2,0.695,93.98,6.947,113.02,T010_ERa,Berberine,3,Synthetic - ML prediction tier; NOT experimental
382.44,4.454,118.87,2,5,1,0.409,-8.119,4,4,-4.779,-0.863,-5.857,0.81,2.91,1,5,2,-0.958,126.48,7.008,98.28,T001_mGluR2,Quercetin,3,Synthetic - ML prediction tier; NOT experimental
624.03,0.014,138.01,3,10,3,0.718,-6.656,4,3,-4.414,-1.721,-4.892,0.72,3.53,4,5,3,0.321,134.89,6.296,505.8,T007_COX2,Quercetin,3,Synthetic - ML prediction tier; NOT experimental
315.4,3.717,70.64,2,5,1,0.741,-9.133,6,4,-4.098,0.07,-5.042,0.74,3.38,4,8,2,2.883,77.29,9.186,0.65,T004_FactorXa,Gallic acid,3,Synthetic - ML prediction tier; NOT experimental
504.01,0.259,36.83,0,10,4,0.723,-10.553,4,0,-4.255,-0.278,-3.653,0.56,2.92,0,4,3,-2.315,28.13,8.285,5.19,T005_BACE1,Ellagic acid,3,Synthetic - ML prediction tier; NOT experimental
438.51,3.619,52.76,6,11,4,0.264,-9.639,5,3,-4.787,0.372,-4.872,0.61,4.25,3,4,3,-1.168,55.18,8.096,8.02,T010_ERa,Withanolide A,3,Synthetic - ML prediction tier; NOT experimental
462.76,1.088,42.18,1,4,8,0.256,-11.48,4,4,-5.06,-1.902,-4.559,0.47,6.3,0,3,2,1.727,44.68,7.862,13.74,T007_COX2,Withanolide A,3,Synthetic - ML prediction tier; NOT experimental
362.57,2.767,127.15,2,4,1,0.245,-5.555,5,4,-4.158,-0.683,-3.657,0.48,4.01,2,8,3,-0.373,129.11,6.929,117.88,T006_Mpro,Curcumin,3,Synthetic - ML prediction tier; NOT experimental
162.93,0.874,131.14,6,11,9,0.913,-4.003,6,2,-4.848,0.289,-5.124,0.61,4.21,2,2,3,0.809,130.98,4.289,51369.59,T001_mGluR2,Berberine,3,Synthetic - ML prediction tier; NOT experimental
323.98,1.5,130.52,6,4,5,0.509,-7.784,6,3,-4.373,-0.35,-3.726,0.49,3.62,3,8,0,0.946,131.37,7.062,86.66,T004_FactorXa,Berberine,3,Synthetic - ML prediction tier; NOT experimental
462.7,4.06,60.53,4,4,4,0.529,-6.263,1,0,-4.054,-0.173,-4.804,0.4,4.75,4,6,0,-1.652,67.36,7.5,31.63,T001_mGluR2,Berberine,3,Synthetic - ML prediction tier; NOT experimental
623.53,3.386,53.1,5,6,8,0.729,-8.384,4,3,-5.513,-0.346,-4.082,0.85,4.54,1,1,2,1.636,60.18,6.807,156.09,T004_FactorXa,Gallic acid,3,Synthetic - ML prediction tier; NOT experimental
291.42,1.291,118.04,5,9,2,0.535,-7.867,3,4,-4.474,-0.868,-1.336,0.82,6.9,1,6,1,2.136,116.26,7.348,44.83,T004_FactorXa,Berberine,3,Synthetic - ML prediction tier; NOT experimental
502.61,4.368,87.91,5,12,2,0.571,-11.222,5,4,-5.336,-1.699,-1.775,0.36,6.55,0,2,3,2.226,97.31,8.95,1.12,T004_FactorXa,Glycyrrhizin,3,Synthetic - ML prediction tier; NOT experimental
461.63,1.885,42.05,2,12,8,0.485,-9.125,6,3,-4.255,-1.892,-5.658,0.68,6.6,1,1,3,2.87,47.25,7.809,15.52,T007_COX2,Ellagic acid,3,Synthetic - ML prediction tier; NOT experimental
371.84,3.664,165.51,0,7,0,0.42,-8.689,2,1,-4.938,-0.302,-2.037,0.4,2.39,3,3,3,2.477,158.38,7.046,89.92,T004_FactorXa,Gallic acid,3,Synthetic - ML prediction tier; NOT experimental
599.45,2.292,73.14,4,4,1,0.531,-8.908,5,2,-4.722,-0.727,-4.75,0.81,3.0,3,7,0,-1.577,74.58,8.169,6.78,T006_Mpro,Curcumin,3,Synthetic - ML prediction tier; NOT experimental
646.35,1.271,176.69,5,8,4,0.206,-5.012,6,0,-4.179,0.236,-1.836,0.84,5.88,1,5,1,0.82,179.11,4.435,36764.32,T007_COX2,Bacoside A,3,Synthetic - ML prediction tier; NOT experimental
464.12,4.92,126.95,2,9,0,0.635,-6.007,1,2,-5.347,-0.753,-4.996,0.77,6.38,2,8,2,1.983,122.09,6.477,333.08,T010_ERa,Berberine,3,Synthetic - ML prediction tier; NOT experimental
633.69,1.271,160.56,6,3,7,0.922,-10.444,2,3,-4.065,0.414,-4.171,0.77,2.07,4,1,3,-0.788,165.54,7.671,21.32,T007_COX2,Glycyrrhizin,3,Synthetic - ML prediction tier; NOT experimental
204.17,0.903,33.75,4,7,9,0.366,-11.026,4,2,-4.702,-1.65,-5.773,0.32,6.98,0,1,1,2.324,26.47,8.157,6.96,T005_BACE1,Glycyrrhizin,3,Synthetic - ML prediction tier; NOT experimental
485.24,3.959,171.9,3,11,2,0.864,-6.588,4,4,-5.184,0.855,-5.836,0.52,4.22,1,5,0,2.886,169.24,6.47,339.17,T001_mGluR2,Mangiferin,3,Synthetic - ML prediction tier; NOT experimental
287.94,5.309,172.35,6,9,1,0.697,-6.687,5,0,-5.899,-0.999,-1.056,0.77,3.03,4,3,1,1.878,167.01,6.377,419.91,T010_ERa,Bacoside A,3,Synthetic - ML prediction tier; NOT experimental
544.32,3.076,71.59,1,4,8,0.388,-10.191,6,0,-5.736,-0.925,-2.058,0.65,2.08,2,0,1,1.45,72.11,7.712,19.39,T010_ERa,Glycyrrhizin,3,Synthetic - ML prediction tier; NOT experimental
406.62,0.154,105.58,4,2,10,0.591,-8.065,1,0,-4.003,0.542,-3.869,0.36,5.56,3,1,0,-1.067,98.54,5.818,1521.44,T003_TLR4,Curcumin,3,Synthetic - ML prediction tier; NOT experimental
462.16,3.012,136.82,3,11,8,0.421,-7.708,4,0,-4.414,-1.657,-2.726,0.83,4.76,1,6,3,2.329,135.1,7.165,68.35,T007_COX2,Ellagic acid,3,Synthetic - ML prediction tier; NOT experimental
306.27,1.375,68.23,1,12,7,0.25,-5.262,1,3,-5.807,0.216,-1.941,0.63,4.93,4,8,2,1.02,66.45,6.673,212.53,T010_ERa,Mangiferin,3,Synthetic - ML prediction tier; NOT experimental
584.05,3.826,175.26,4,6,5,0.278,-7.694,2,3,-5.552,-1.675,-1.773,0.52,5.81,4,3,3,2.071,184.75,7.273,53.29,T007_COX2,Quercetin,3,Synthetic - ML prediction tier; NOT experimental
163.13,5.075,154.42,2,2,2,0.405,-5.782,3,2,-5.988,0.61,-3.168,0.54,2.71,5,0,0,1.477,148.72,5.531,2943.63,T005_BACE1,Berberine,3,Synthetic - ML prediction tier; NOT experimental
320.45,1.72,138.24,6,11,9,0.264,-11.105,2,4,-5.9,-1.755,-3.784,0.55,5.04,3,4,1,1.53,130.52,7.934,11.65,T007_COX2,Berberine,3,Synthetic - ML prediction tier; NOT experimental
413.47,1.351,63.08,4,2,0,0.353,-4.41,2,2,-5.421,-1.64,-3.513,0.56,2.65,4,3,2,-2.568,70.31,5.914,1219.19,T001_mGluR2,Mangiferin,3,Synthetic - ML prediction tier; NOT experimental
159.37,5.027,159.32,4,8,9,0.503,-6.699,3,0,-5.19,0.899,-5.141,0.87,4.3,5,5,0,-0.38,151.43,6.704,197.83,T001_mGluR2,Mangiferin,3,Synthetic - ML prediction tier; NOT experimental
585.26,3.975,63.24,6,4,1,0.583,-10.645,5,1,-4.188,-0.952,-2.363,0.79,6.08,1,1,1,-1.464,56.71,8.083,8.26,T003_TLR4,Ellagic acid,3,Synthetic - ML prediction tier; NOT experimental
238.57,4.137,104.12,6,11,9,0.537,-4.569,5,4,-5.354,0.913,-4.419,0.56,4.34,5,4,2,0.549,101.16,6.926,118.56,T001_mGluR2,Gallic acid,3,Synthetic - ML prediction tier; NOT experimental
334.37,1.222,126.7,6,3,9,0.646,-8.616,5,4,-4.092,0.217,-5.795,0.85,4.86,1,5,3,0.008,135.85,7.177,66.56,T005_BACE1,Ellagic acid,3,Synthetic - ML prediction tier; NOT experimental
555.48,4.524,177.36,0,10,10,0.329,-9.642,4,3,-4.952,-0.171,-4.181,0.85,3.94,2,0,2,-2.605,169.25,6.592,255.84,T007_COX2,Bacoside A,3,Synthetic - ML prediction tier; NOT experimental
316.68,2.996,51.21,2,6,10,0.724,-8.56,5,0,-5.381,-0.87,-2.042,0.79,5.35,5,8,0,0.876,49.68,8.736,1.84,T004_FactorXa,Gallic acid,3,Synthetic - ML prediction tier; NOT experimental
331.3,0.582,62.13,6,9,3,0.37,-10.468,1,2,-4.311,-1.697,-2.146,0.8,6.42,0,5,1,0.583,55.21,8.013,9.71,T006_Mpro,Bacoside A,3,Synthetic - ML prediction tier; NOT experimental
510.59,-0.238,84.64,5,5,7,0.658,-5.857,4,1,-4.932,-1.072,-1.957,0.58,6.18,2,7,3,1.617,90.21,7.043,90.63,T006_Mpro,Quercetin,3,Synthetic - ML prediction tier; NOT experimental
359.33,0.472,59.95,4,4,4,0.239,-7.896,3,4,-4.131,0.134,-3.42,0.37,2.42,1,4,3,2.432,52.9,6.07,851.81,T003_TLR4,Berberine,3,Synthetic - ML prediction tier; NOT experimental
592.31,5.083,92.23,3,10,5,0.377,-4.041,3,1,-5.944,0.792,-1.804,0.69,5.96,1,0,2,2.504,91.68,5.364,4324.22,T010_ERa,Bacoside A,3,Synthetic - ML prediction tier; NOT experimental
529.42,2.315,122.3,0,2,4,0.362,-10.379,6,4,-4.944,-1.666,-4.559,0.48,2.24,3,7,0,-2.335,130.41,8.235,5.82,T006_Mpro,Withanolide A,3,Synthetic - ML prediction tier; NOT experimental
509.27,1.248,30.23,2,5,9,0.512,-6.517,1,4,-4.051,-1.797,-3.37,0.6,6.94,4,0,3,2.24,21.11,6.851,140.96,T005_BACE1,Glycyrrhizin,3,Synthetic - ML prediction tier; NOT experimental
276.83,-0.403,148.28,2,5,10,0.671,-5.714,6,2,-5.733,-0.943,-4.307,0.69,6.15,5,7,3,0.79,154.51,7.237,57.97,T005_BACE1,Gallic acid,3,Synthetic - ML prediction tier; NOT experimental
296.72,-0.237,59.92,0,7,4,0.587,-4.082,5,3,-5.493,0.26,-5.044,0.51,5.9,5,5,2,-2.253,57.28,6.294,508.52,T005_BACE1,Berberine,3,Synthetic - ML prediction tier; NOT experimental
597.32,1.82,176.06,3,9,5,0.893,-7.605,1,3,-5.842,-0.193,-1.888,0.63,3.61,0,5,2,-1.161,178.11,5.31,4894.11,T004_FactorXa,Berberine,3,Synthetic - ML prediction tier; NOT experimental
171.18,4.72,82.88,3,6,10,0.935,-4.391,1,3,-5.273,0.403,-2.603,0.87,2.71,4,7,0,-2.243,77.6,6.92,120.32,T007_COX2,Glycyrrhizin,3,Synthetic - ML prediction tier; NOT experimental
331.08,5.197,34.86,1,12,7,0.912,-8.71,1,4,-5.725,-0.899,-4.428,0.47,6.8,0,2,3,0.106,43.13,8.218,6.05,T007_COX2,Berberine,3,Synthetic - ML prediction tier; NOT experimental
257.29,3.171,134.1,3,5,1,0.302,-10.945,2,3,-4.005,0.432,-1.162,0.89,5.34,5,1,2,2.348,141.12,9.072,0.85,T007_COX2,Bacoside A,3,Synthetic - ML prediction tier; NOT experimental
546.85,2.553,48.2,1,4,3,0.793,-11.303,5,4,-5.262,0.411,-3.242,0.67,2.43,2,6,3,0.154,53.59,9.5,0.32,T004_FactorXa,Ellagic acid,3,Synthetic - ML prediction tier; NOT experimental
374.99,3.581,81.68,6,10,10,0.641,-5.742,2,3,-4.994,0.605,-1.843,0.61,3.52,1,5,1,-0.924,90.5,6.009,979.16,T004_FactorXa,Ellagic acid,3,Synthetic - ML prediction tier; NOT experimental
275.3,3.31,112.63,1,12,4,0.661,-10.799,6,1,-4.816,-0.258,-5.144,0.67,6.51,2,0,0,-2.513,121.6,7.503,31.4,T003_TLR4,Mangiferin,3,Synthetic - ML prediction tier; NOT experimental
459.05,-0.318,163.35,4,6,10,0.917,-7.878,6,3,-5.405,-1.781,-5.7,0.56,4.42,1,5,1,-1.125,167.72,5.607,2472.4,T007_COX2,Glycyrrhizin,3,Synthetic - ML prediction tier; NOT experimental
637.69,0.285,85.58,4,3,5,0.381,-10.581,4,1,-5.718,-1.848,-1.273,0.82,4.09,1,5,2,-1.861,78.77,8.251,5.61,T004_FactorXa,Berberine,3,Synthetic - ML prediction tier; NOT experimental
161.59,5.171,105.82,1,5,9,0.465,-11.121,4,4,-4.235,-0.037,-3.647,0.62,6.24,3,2,2,1.365,111.09,8.833,1.47,T004_FactorXa,Gallic acid,3,Synthetic - ML prediction tier; NOT experimental
350.29,2.922,59.2,4,6,1,0.49,-8.122,5,2,-4.349,-0.13,-2.945,0.38,2.48,2,5,2,1.53,53.18,7.274,53.22,T001_mGluR2,Gallic acid,3,Synthetic - ML prediction tier; NOT experimental
218.52,1.498,101.06,3,4,9,0.87,-10.452,5,2,-5.675,0.972,-2.303,0.48,3.68,4,8,3,1.252,97.06,9.329,0.47,T010_ERa,Gallic acid,3,Synthetic - ML prediction tier; NOT experimental
334.18,3.543,176.98,4,6,10,0.22,-7.941,6,4,-4.845,0.164,-3.082,0.4,5.15,4,6,1,1.93,171.83,6.772,169.2,T003_TLR4,Gallic acid,3,Synthetic - ML prediction tier; NOT experimental
370.52,2.013,91.94,1,8,8,0.781,-4.596,6,0,-4.588,-0.444,-3.196,0.9,4.39,3,5,1,-0.242,92.61,5.605,2481.86,T006_Mpro,Glycyrrhizin,3,Synthetic - ML prediction tier; NOT experimental
487.93,4.706,132.11,6,6,9,0.563,-4.32,3,4,-5.403,0.824,-1.089,0.76,5.52,5,7,2,-0.121,133.32,7.286,51.78,T004_FactorXa,Ellagic acid,3,Synthetic - ML prediction tier; NOT experimental
436.74,2.759,164.36,3,7,2,0.418,-9.343,6,0,-5.307,-0.673,-4.718,0.59,3.01,4,4,2,-2.176,166.68,7.322,47.64,T006_Mpro,Withanolide A,3,Synthetic - ML prediction tier; NOT experimental
271.23,3.519,109.66,5,5,0,0.275,-9.023,4,0,-4.638,-1.588,-1.177,0.89,2.79,5,7,3,0.903,114.77,8.835,1.46,T001_mGluR2,Ellagic acid,3,Synthetic - ML prediction tier; NOT experimental
476.15,0.893,140.8,6,2,2,0.513,-5.218,1,3,-4.424,-1.441,-2.255,0.82,3.45,0,0,2,0.408,132.95,4.498,31789.28,T004_FactorXa,Curcumin,3,Synthetic - ML prediction tier; NOT experimental
377.17,3.348,108.65,1,10,7,0.405,-5.434,3,1,-4.538,-0.055,-2.407,0.31,3.69,2,3,1,0.666,111.42,5.392,4053.13,T004_FactorXa,Ellagic acid,3,Synthetic - ML prediction tier; NOT experimental
350.42,0.072,177.25,3,7,3,0.205,-8.623,4,2,-4.092,-1.094,-2.386,0.31,5.27,5,3,0,1.007,176.56,7.001,99.75,T003_TLR4,Mangiferin,3,Synthetic - ML prediction tier; NOT experimental
493.04,5.039,163.17,6,6,1,0.679,-4.445,3,4,-5.558,0.872,-3.609,0.57,6.94,2,6,3,1.544,169.21,6.174,670.32,T007_COX2,Ellagic acid,3,Synthetic - ML prediction tier; NOT experimental
412.75,2.669,84.27,4,3,0,0.822,-4.728,2,4,-4.927,-1.506,-1.728,0.57,5.4,5,7,0,2.393,83.18,6.335,462.0,T001_mGluR2,Berberine,3,Synthetic - ML prediction tier; NOT experimental
215.97,1.993,114.59,4,9,10,0.805,-6.075,4,2,-4.367,0.237,-3.108,0.33,3.72,0,8,0,2.607,105.97,6.2,630.31,T005_BACE1,Bacoside A,3,Synthetic - ML prediction tier; NOT experimental
534.49,4.095,176.75,5,8,5,0.945,-8.631,4,3,-5.84,0.892,-1.627,0.38,6.3,0,2,3,0.173,181.31,6.341,456.15,T003_TLR4,Gallic acid,3,Synthetic - ML prediction tier; NOT experimental
528.09,5.371,99.45,5,10,6,0.599,-5.325,2,3,-5.308,-1.173,-1.313,0.74,2.56,5,6,0,-1.556,90.8,6.737,183.33,T007_COX2,Gallic acid,3,Synthetic - ML prediction tier; NOT experimental
272.37,-0.235,95.84,4,5,0,0.305,-4.049,2,4,-5.362,-0.206,-2.637,0.49,3.51,1,8,1,-0.519,91.35,4.863,13708.4,T006_Mpro,Bacoside A,3,Synthetic - ML prediction tier; NOT experimental
463.0,2.063,104.34,2,12,10,0.486,-7.567,6,3,-5.183,-1.1,-5.081,0.62,3.2,1,4,1,1.835,112.64,5.55,2820.85,T006_Mpro,Quercetin,3,Synthetic - ML prediction tier; NOT experimental
217.05,0.957,60.5,5,3,7,0.835,-10.807,6,1,-5.897,-0.868,-2.975,0.32,2.36,4,8,1,-0.124,67.89,9.083,0.83,T004_FactorXa,Curcumin,3,Synthetic - ML prediction tier; NOT experimental
628.51,-0.408,170.57,5,3,7,0.886,-6.283,6,1,-5.207,-1.282,-4.392,0.47,4.33,5,5,2,-1.431,170.83,6.025,944.35,T007_COX2,Berberine,3,Synthetic - ML prediction tier; NOT experimental
530.81,1.421,60.47,2,8,0,0.622,-9.84,2,0,-5.478,0.804,-3.104,0.55,2.76,2,3,3,0.419,55.38,8.056,8.79,T006_Mpro,Glycyrrhizin,3,Synthetic - ML prediction tier; NOT experimental
278.66,4.43,174.98,5,9,7,0.326,-5.538,2,1,-4.559,-0.535,-1.416,0.63,5.21,0,8,0,2.034,166.46,5.676,2109.57,T001_mGluR2,Mangiferin,3,Synthetic - ML prediction tier; NOT experimental
218.75,3.284,40.2,1,2,3,0.579,-8.701,5,4,-4.174,-0.022,-5.921,0.62,4.06,0,8,2,0.214,35.93,7.998,10.04,T006_Mpro,Mangiferin,3,Synthetic - ML prediction tier; NOT experimental
553.08,4.959,46.05,0,10,2,0.381,-6.852,3,2,-5.465,-0.809,-4.135,0.54,4.83,5,3,2,1.104,53.01,7.54,28.81,T010_ERa,Gallic acid,3,Synthetic - ML prediction tier; NOT experimental
196.75,1.776,112.91,0,12,0,0.727,-10.88,4,2,-4.868,0.574,-5.523,0.62,2.21,1,7,2,-2.721,104.39,7.618,24.1,T004_FactorXa,Quercetin,3,Synthetic - ML prediction tier; NOT experimental
431.75,-0.303,169.31,2,2,3,0.64,-5.858,6,3,-4.142,-1.102,-3.18,0.64,6.25,5,8,2,-0.697,174.11,6.633,232.6,T001_mGluR2,Quercetin,3,Synthetic - ML prediction tier; NOT experimental
522.73,1.575,44.65,1,3,5,0.654,-6.896,5,3,-4.062,-1.021,-2.829,0.77,4.25,1,5,3,-0.409,48.25,6.301,500.42,T007_COX2,Mangiferin,3,Synthetic - ML prediction tier; NOT experimental
192.85,3.212,149.71,5,3,1,0.401,-8.65,6,1,-4.521,-1.05,-5.467,0.3,3.54,2,4,0,-2.205,143.46,6.264,544.8,T005_BACE1,Ellagic acid,3,Synthetic - ML prediction tier; NOT experimental
163.13,1.623,43.96,4,7,6,0.209,-8.396,1,4,-4.19,0.935,-3.14,0.4,3.9,1,4,2,-1.39,36.88,7.353,44.32,T003_TLR4,Mangiferin,3,Synthetic - ML prediction tier; NOT experimental
287.98,1.299,147.4,2,6,3,0.741,-7.781,5,1,-5.084,-1.594,-5.966,0.54,6.21,3,5,3,-0.992,153.71,7.603,24.95,T003_TLR4,Curcumin,3,Synthetic - ML prediction tier; NOT experimental
310.33,5.184,60.13,2,4,6,0.927,-9.314,6,3,-4.064,0.346,-4.371,0.47,5.93,2,1,1,0.553,61.04,7.115,76.72,T007_COX2,Quercetin,3,Synthetic - ML prediction tier; NOT experimental
163.46,3.863,171.45,1,9,4,0.823,-10.981,4,3,-5.722,-1.092,-4.737,0.39,4.12,3,1,3,2.944,171.03,7.775,16.77,T010_ERa,Mangiferin,3,Synthetic - ML prediction tier; NOT experimental
421.82,4.244,83.93,6,10,9,0.679,-10.863,2,2,-5.667,-0.162,-3.184,0.69,5.23,2,6,0,-2.937,79.1,9.02,0.96,T006_Mpro,Quercetin,3,Synthetic - ML prediction tier; NOT experimental
429.0,3.626,63.15,2,8,7,0.779,-7.086,5,1,-5.31,-1.926,-5.477,0.55,6.81,0,2,2,-1.129,62.26,6.45,355.16,T005_BACE1,Ellagic acid,3,Synthetic - ML prediction tier; NOT experimental
369.08,3.681,77.84,2,2,1,0.217,-8.927,1,1,-4.14,0.221,-3.42,0.63,3.65,3,7,1,1.787,80.43,8.922,1.2,T003_TLR4,Mangiferin,3,Synthetic - ML prediction tier; NOT experimental
347.79,3.924,162.46,3,11,6,0.492,-6.214,2,2,-4.495,0.426,-5.687,0.36,6.36,1,5,2,-1.818,154.74,5.571,2683.89,T007_COX2,Glycyrrhizin,3,Synthetic - ML prediction tier; NOT experimental
448.49,3.168,118.05,2,7,7,0.663,-5.397,6,2,-4.163,-0.229,-2.639,0.49,3.19,0,2,2,1.161,118.27,4.743,18088.62,T005_BACE1,Bacoside A,3,Synthetic - ML prediction tier; NOT experimental
437.4,2.038,103.0,4,12,2,0.616,-7.828,2,1,-5.371,-0.647,-5.732,0.52,2.05,1,3,3,2.783,103.11,6.159,693.21,T005_BACE1,Berberine,3,Synthetic - ML prediction tier; NOT experimental
394.35,-0.004,34.63,6,5,4,0.225,-9.814,3,1,-4.439,-0.303,-2.137,0.6,4.55,4,1,2,1.651,41.09,8.135,7.33,T004_FactorXa,Quercetin,3,Synthetic - ML prediction tier; NOT experimental
561.31,-0.25,137.85,4,5,6,0.277,-5.274,2,2,-4.25,-1.903,-4.686,0.82,2.43,0,3,1,1.864,139.61,4.059,87214.56,T007_COX2,Mangiferin,3,Synthetic - ML prediction tier; NOT experimental
232.99,0.335,60.99,1,2,9,0.463,-9.392,5,1,-5.353,0.112,-4.553,0.46,6.29,5,1,1,2.777,66.71,8.528,2.96,T001_mGluR2,Curcumin,3,Synthetic - ML prediction tier; NOT experimental
583.52,0.261,159.91,1,4,5,0.821,-5.789,6,3,-5.021,-0.268,-4.656,0.55,4.26,5,1,3,0.094,155.48,6.087,817.56,T005_BACE1,Glycyrrhizin,3,Synthetic - ML prediction tier; NOT experimental
440.98,4.713,157.08,0,9,10,0.698,-8.813,1,4,-5.205,0.904,-1.876,0.6,3.61,2,5,1,0.397,156.78,7.276,52.92,T004_FactorXa,Gallic acid,3,Synthetic - ML prediction tier; NOT experimental
172.97,3.257,155.51,0,3,2,0.531,-11.495,4,1,-4.009,0.728,-1.589,0.48,6.37,2,1,2,-1.498,152.94,7.997,10.08,T005_BACE1,Curcumin,3,Synthetic - ML prediction tier; NOT experimental
512.99,4.031,94.38,0,3,0,0.36,-10.915,5,1,-4.961,-0.665,-5.96,0.51,2.6,3,2,3,-2.575,92.05,8.418,3.82,T007_COX2,Ellagic acid,3,Synthetic - ML prediction tier; NOT experimental
201.6,1.705,74.89,3,4,10,0.945,-10.429,5,4,-5.983,-0.05,-3.8,0.73,5.14,1,6,3,2.16,66.62,9.136,0.73,T006_Mpro,Mangiferin,3,Synthetic - ML prediction tier; NOT experimental
325.77,2.076,148.66,1,6,10,0.263,-7.35,5,4,-5.43,0.824,-5.866,0.81,6.38,1,8,1,1.487,144.57,7.001,99.8,T001_mGluR2,Withanolide A,3,Synthetic - ML prediction tier; NOT experimental
397.44,0.176,104.94,4,3,8,0.867,-11.409,3,2,-5.736,0.582,-3.158,0.52,5.41,3,1,0,0.524,95.21,8.114,7.69,T010_ERa,Mangiferin,3,Synthetic - ML prediction tier; NOT experimental
403.31,3.271,105.16,3,8,6,0.262,-7.476,5,1,-5.445,-1.07,-3.443,0.42,6.04,4,5,3,0.519,110.42,8.526,2.98,T007_COX2,Ellagic acid,3,Synthetic - ML prediction tier; NOT experimental
305.08,2.125,173.01,1,2,3,0.265,-8.241,4,4,-4.782,-1.072,-2.292,0.74,2.6,5,2,0,-2.017,182.07,5.953,1113.26,T007_COX2,Curcumin,3,Synthetic - ML prediction tier; NOT experimental
233.48,0.262,147.17,2,3,0,0.451,-8.28,5,0,-5.474,0.925,-2.862,0.6,4.55,0,7,1,-0.794,142.27,6.188,648.99,T001_mGluR2,Ellagic acid,3,Synthetic - ML prediction tier; NOT experimental
264.2,2.553,36.61,6,2,3,0.234,-8.77,2,1,-4.138,0.572,-3.236,0.85,5.7,3,3,2,-1.51,44.92,7.59,25.71,T006_Mpro,Glycyrrhizin,3,Synthetic - ML prediction tier; NOT experimental
209.7,3.54,37.9,1,10,0,0.916,-10.983,4,2,-4.453,-1.068,-5.568,0.57,3.84,2,4,1,-0.216,39.73,9.5,0.32,T005_BACE1,Withanolide A,3,Synthetic - ML prediction tier; NOT experimental
516.23,2.779,149.4,1,2,6,0.218,-7.438,6,0,-4.098,-1.996,-2.713,0.81,5.64,0,3,1,-0.481,158.62,5.857,1390.09,T004_FactorXa,Ellagic acid,3,Synthetic - ML prediction tier; NOT experimental
171.95,0.889,156.83,3,7,7,0.931,-10.863,1,4,-5.733,0.46,-5.626,0.64,4.17,1,3,2,-1.434,153.13,7.244,57.07,T010_ERa,Mangiferin,3,Synthetic - ML prediction tier; NOT experimental
500.36,3.912,77.71,2,5,1,0.908,-10.479,5,0,-5.689,-1.507,-3.67,0.54,4.68,1,7,2,-0.22,84.76,9.463,0.34,T004_FactorXa,Gallic acid,3,Synthetic - ML prediction tier; NOT experimental
257.51,4.639,52.25,5,5,5,0.497,-11.133,3,2,-4.36,-1.478,-1.24,0.81,4.78,4,3,0,-0.228,58.33,9.5,0.32,T003_TLR4,Ellagic acid,3,Synthetic - ML prediction tier; NOT experimental
155.98,4.482,177.39,1,5,6,0.479,-6.773,6,0,-4.835,-1.224,-1.936,0.31,2.32,5,7,1,-2.448,184.33,7.248,56.44,T005_BACE1,Gallic acid,3,Synthetic - ML prediction tier; NOT experimental
233.99,2.943,153.25,3,9,0,0.487,-8.3,3,1,-4.183,-1.175,-3.77,0.39,5.07,4,3,2,-0.007,160.91,7.007,98.43,T005_BACE1,Gallic acid,3,Synthetic - ML prediction tier; NOT experimental
193.86,1.798,92.89,5,10,3,0.673,-5.484,1,3,-4.436,-0.923,-3.277,0.59,6.56,4,5,3,-1.377,83.41,6.53,295.05,T010_ERa,Curcumin,3,Synthetic - ML prediction tier; NOT experimental
179.3,5.449,109.41,6,11,3,0.93,-10.749,6,1,-5.467,0.449,-1.414,0.33,6.98,1,6,2,2.611,119.25,8.89,1.29,T003_TLR4,Bacoside A,3,Synthetic - ML prediction tier; NOT experimental
268.28,1.408,140.72,2,11,0,0.728,-8.862,5,4,-5.716,0.845,-1.817,0.79,6.85,4,4,1,-0.057,132.52,7.447,35.74,T006_Mpro,Berberine,3,Synthetic - ML prediction tier; NOT experimental
150.34,5.007,60.22,1,7,2,0.889,-5.168,3,0,-5.956,-0.24,-1.414,0.76,6.23,2,1,2,1.227,63.46,6.463,343.95,T006_Mpro,Ellagic acid,3,Synthetic - ML prediction tier; NOT experimental
318.28,1.436,176.38,5,8,10,0.92,-6.631,2,4,-4.613,0.787,-2.065,0.43,4.94,1,6,2,1.404,172.27,5.903,1249.82,T007_COX2,Mangiferin,3,Synthetic - ML prediction tier; NOT experimental
575.38,4.125,115.12,1,11,5,0.891,-4.244,2,4,-5.792,-0.511,-4.344,0.35,3.73,2,2,0,1.93,118.52,5.204,6257.97,T007_COX2,Glycyrrhizin,3,Synthetic - ML prediction tier; NOT experimental
373.31,1.091,67.43,0,7,4,0.79,-6.097,1,3,-5.124,-0.741,-5.168,0.55,6.41,2,8,3,-2.391,67.02,7.288,51.58,T007_COX2,Withanolide A,3,Synthetic - ML prediction tier; NOT experimental
231.33,-0.058,156.86,2,2,5,0.396,-10.715,3,1,-4.224,-1.517,-5.625,0.87,6.89,2,7,0,-0.412,159.94,7.229,59.03,T006_Mpro,Mangiferin,3,Synthetic - ML prediction tier; NOT experimental
228.55,0.108,60.83,1,8,8,0.742,-6.025,3,2,-5.405,-1.712,-4.035,0.63,4.45,0,5,0,-0.434,56.72,5.333,4645.22,T003_TLR4,Ellagic acid,3,Synthetic - ML prediction tier; NOT experimental
162.87,0.525,73.77,0,9,1,0.431,-8.519,4,2,-5.818,-0.368,-5.076,0.83,3.85,3,0,2,-0.362,69.04,6.379,417.52,T010_ERa,Curcumin,3,Synthetic - ML prediction tier; NOT experimental
432.12,0.407,134.47,0,3,10,0.458,-7.439,5,1,-4.893,0.522,-1.908,0.55,4.68,3,3,3,-1.207,132.37,6.429,372.64,T006_Mpro,Quercetin,3,Synthetic - ML prediction tier; NOT experimental
550.23,3.565,123.04,0,9,2,0.912,-10.246,2,1,-5.748,-0.73,-1.059,0.56,6.99,5,2,2,-1.082,127.58,8.455,3.51,T010_ERa,Ellagic acid,3,Synthetic - ML prediction tier; NOT experimental
193.51,2.838,112.81,6,6,8,0.544,-4.949,6,4,-4.825,0.345,-5.437,0.39,4.83,4,1,0,0.376,104.83,5.416,3833.12,T004_FactorXa,Mangiferin,3,Synthetic - ML prediction tier; NOT experimental
282.07,3.429,115.8,3,2,2,0.407,-10.421,5,3,-5.922,0.669,-4.343,0.44,5.73,2,5,0,-0.973,121.68,8.543,2.87,T004_FactorXa,Curcumin,3,Synthetic - ML prediction tier; NOT experimental
571.42,4.649,132.73,6,5,2,0.425,-5.922,3,2,-4.542,-0.185,-5.554,0.57,6.57,3,7,2,1.926,133.03,7.169,67.79,T006_Mpro,Mangiferin,3,Synthetic - ML prediction tier; NOT experimental
217.82,4.608,161.9,0,4,3,0.856,-9.995,1,1,-5.934,-1.848,-4.198,0.42,3.84,3,8,3,0.812,154.38,9.146,0.71,T001_mGluR2,Withanolide A,3,Synthetic - ML prediction tier; NOT experimental
336.23,3.064,56.64,6,9,9,0.614,-8.918,3,0,-5.43,-0.84,-5.185,0.64,6.82,1,3,1,-1.385,54.83,8.064,8.63,T010_ERa,Gallic acid,3,Synthetic - ML prediction tier; NOT experimental
387.05,0.294,55.98,6,2,3,0.389,-5.462,3,2,-5.152,-0.871,-4.256,0.45,4.33,5,8,3,0.507,46.13,7.495,32.0,T007_COX2,Glycyrrhizin,3,Synthetic - ML prediction tier; NOT experimental
430.73,3.063,72.4,5,3,7,0.248,-4.087,6,2,-4.277,-1.217,-2.445,0.84,3.49,1,8,1,2.398,78.51,6.114,769.28,T007_COX2,Glycyrrhizin,3,Synthetic - ML prediction tier; NOT experimental
490.38,3.828,128.31,2,6,6,0.503,-5.975,5,4,-4.368,-0.97,-2.433,0.71,5.19,3,5,2,2.073,135.12,6.128,744.65,T006_Mpro,Bacoside A,3,Synthetic - ML prediction tier; NOT experimental
296.89,2.325,141.14,5,10,2,0.91,-4.753,6,0,-5.555,-1.33,-1.643,0.55,6.43,2,4,2,-0.217,133.49,5.865,1364.21,T006_Mpro,Ellagic acid,3,Synthetic - ML prediction tier; NOT experimental
386.11,0.667,47.97,5,8,8,0.424,-11.095,2,1,-4.015,-0.972,-1.064,0.84,6.93,1,5,1,1.674,47.72,8.665,2.16,T007_COX2,Bacoside A,3,Synthetic - ML prediction tier; NOT experimental
306.71,-0.152,97.81,1,4,9,0.773,-7.828,1,1,-4.771,-0.1,-3.983,0.88,3.92,0,8,1,1.384,106.81,7.265,54.33,T006_Mpro,Withanolide A,3,Synthetic - ML prediction tier; NOT experimental
158.96,-0.475,140.04,1,7,4,0.297,-8.623,5,2,-5.666,0.472,-4.509,0.47,5.64,4,8,2,-0.398,143.78,7.206,62.21,T003_TLR4,Glycyrrhizin,3,Synthetic - ML prediction tier; NOT experimental
648.07,2.441,142.52,1,8,0,0.371,-6.046,2,1,-4.532,-0.231,-5.155,0.52,5.25,0,6,2,1.627,144.98,5.598,2521.93,T001_mGluR2,Gallic acid,3,Synthetic - ML prediction tier; NOT experimental
174.12,0.195,96.65,0,10,4,0.556,-10.352,6,0,-5.398,-0.015,-2.688,0.46,5.03,1,6,0,0.07,99.0,7.609,24.6,T004_FactorXa,Ellagic acid,3,Synthetic - ML prediction tier; NOT experimental
542.38,2.486,121.35,6,6,8,0.93,-8.816,4,2,-5.679,-0.356,-1.448,0.71,4.4,1,0,0,1.03,129.49,6.66,218.69,T003_TLR4,Ellagic acid,3,Synthetic - ML prediction tier; NOT experimental
539.76,-0.05,138.54,2,12,3,0.543,-4.17,3,3,-5.9,0.44,-1.629,0.81,3.8,5,5,3,1.431,130.44,5.229,5896.37,T010_ERa,Gallic acid,3,Synthetic - ML prediction tier; NOT experimental
154.84,0.33,127.08,2,7,7,0.916,-9.488,6,0,-5.255,-0.972,-5.431,0.54,4.28,3,7,3,0.893,133.02,8.598,2.52,T001_mGluR2,Bacoside A,3,Synthetic - ML prediction tier; NOT experimental
201.86,4.967,102.4,4,12,7,0.336,-8.652,3,4,-5.942,0.053,-1.807,0.88,2.65,3,1,3,-0.356,93.67,7.971,10.68,T007_COX2,Glycyrrhizin,3,Synthetic - ML prediction tier; NOT experimental
156.18,4.71,108.72,5,11,9,0.368,-4.332,3,4,-4.954,0.102,-5.524,0.7,3.24,2,6,1,2.034,109.89,6.095,803.65,T007_COX2,Bacoside A,3,Synthetic - ML prediction tier; NOT experimental
402.78,2.316,104.38,1,3,7,0.44,-9.018,3,0,-4.986,-0.349,-4.107,0.79,2.39,3,7,0,2.14,103.32,8.055,8.8,T001_mGluR2,Berberine,3,Synthetic - ML prediction tier; NOT experimental
522.62,-0.393,90.52,0,10,8,0.2,-10.818,5,4,-4.725,0.67,-3.188,0.69,4.28,2,5,0,1.9,97.4,7.634,23.25,T006_Mpro,Berberine,3,Synthetic - ML prediction tier; NOT experimental
508.33,1.68,97.88,0,12,3,0.202,-8.836,6,2,-4.905,-0.878,-5.468,0.84,4.46,5,6,0,-1.474,91.8,8.656,2.21,T001_mGluR2,Mangiferin,3,Synthetic - ML prediction tier; NOT experimental
257.79,4.447,58.59,2,3,6,0.235,-6.751,6,4,-5.754,0.675,-3.713,0.65,4.52,3,0,0,0.319,57.24,5.767,1709.5,T010_ERa,Bacoside A,3,Synthetic - ML prediction tier; NOT experimental
495.91,0.542,152.29,0,8,10,0.65,-4.88,5,3,-5.163,-0.173,-2.537,0.45,3.99,2,4,3,1.829,145.05,4.717,19181.3,T006_Mpro,Quercetin,3,Synthetic - ML prediction tier; NOT experimental
299.46,3.709,159.11,5,10,10,0.363,-9.927,6,2,-4.627,0.764,-5.337,0.73,6.88,1,8,2,1.262,164.32,7.547,28.35,T007_COX2,Mangiferin,3,Synthetic - ML prediction tier; NOT experimental
487.12,4.863,110.09,6,8,0,0.592,-11.31,2,0,-4.659,-1.4,-2.249,0.4,3.43,2,2,0,1.144,105.99,8.212,6.13,T010_ERa,Quercetin,3,Synthetic - ML prediction tier; NOT experimental
166.15,4.384,45.37,6,12,8,0.849,-5.932,5,3,-5.525,0.353,-2.006,0.47,5.32,3,6,3,2.74,54.89,7.526,29.77,T001_mGluR2,Curcumin,3,Synthetic - ML prediction tier; NOT experimental
251.54,4.713,159.07,3,5,10,0.728,-6.643,5,4,-4.523,-1.411,-2.375,0.42,4.24,5,1,1,2.775,163.77,7.176,66.63,T001_mGluR2,Mangiferin,3,Synthetic - ML prediction tier; NOT experimental
170.32,1.175,69.64,1,11,4,0.204,-8.003,2,0,-5.693,-1.032,-5.746,0.86,5.08,5,4,3,1.739,70.64,8.561,2.75,T006_Mpro,Withanolide A,3,Synthetic - ML prediction tier; NOT experimental
628.49,2.624,147.94,1,8,8,0.603,-10.81,2,1,-4.673,-1.007,-4.532,0.87,5.09,3,8,0,-2.312,144.86,8.807,1.56,T003_TLR4,Withanolide A,3,Synthetic - ML prediction tier; NOT experimental
629.45,3.595,78.14,6,3,6,0.392,-6.07,1,4,-4.356,-0.875,-1.986,0.57,2.22,5,3,2,0.083,87.1,7.625,23.72,T006_Mpro,Quercetin,3,Synthetic - ML prediction tier; NOT experimental
153.67,-0.107,130.55,6,5,10,0.518,-10.721,5,3,-4.707,0.819,-2.266,0.39,4.3,2,0,0,-2.561,124.11,7.608,24.64,T004_FactorXa,Quercetin,3,Synthetic - ML prediction tier; NOT experimental
185.22,4.43,166.65,3,8,7,0.673,-8.252,1,3,-4.653,-0.395,-2.793,0.67,5.78,4,0,0,-0.854,166.7,6.486,326.68,T006_Mpro,Ellagic acid,3,Synthetic - ML prediction tier; NOT experimental
290.76,5.06,87.21,6,12,0,0.555,-7.499,2,3,-4.406,0.548,-4.525,0.68,3.49,5,5,0,0.321,88.31,8.653,2.22,T001_mGluR2,Gallic acid,3,Synthetic - ML prediction tier; NOT experimental
152.51,3.08,110.57,0,6,3,0.761,-4.723,3,1,-5.175,-0.062,-3.437,0.4,3.1,2,3,0,-1.912,116.57,5.678,2100.99,T006_Mpro,Berberine,3,Synthetic - ML prediction tier; NOT experimental
472.34,-0.061,130.75,2,3,3,0.744,-7.846,3,2,-5.744,-0.034,-5.5,0.67,6.5,2,7,3,-1.03,133.94,6.298,504.02,T007_COX2,Bacoside A,3,Synthetic - ML prediction tier; NOT experimental
432.78,1.687,77.45,3,4,0,0.435,-5.608,6,3,-5.447,-0.922,-2.602,0.5,4.4,3,5,2,-0.078,69.63,6.339,458.17,T004_FactorXa,Bacoside A,3,Synthetic - ML prediction tier; NOT experimental
595.65,0.679,140.03,5,3,1,0.869,-5.128,6,0,-4.375,-0.263,-2.154,0.43,2.18,2,8,3,0.923,133.0,5.878,1324.05,T005_BACE1,Withanolide A,3,Synthetic - ML prediction tier; NOT experimental
595.72,3.038,158.57,1,9,8,0.583,-8.524,5,0,-4.675,0.544,-1.967,0.67,2.83,4,2,3,-2.045,159.9,6.394,403.42,T003_TLR4,Berberine,3,Synthetic - ML prediction tier; NOT experimental
619.59,-0.257,144.22,1,3,4,0.477,-11.179,2,4,-4.185,-0.916,-3.652,0.57,2.23,5,5,0,1.222,144.65,8.169,6.78,T010_ERa,Curcumin,3,Synthetic - ML prediction tier; NOT experimental
567.44,1.08,111.65,1,8,10,0.484,-7.092,1,4,-5.497,0.918,-4.886,0.54,6.09,2,7,3,2.323,101.78,7.341,45.61,T003_TLR4,Ellagic acid,3,Synthetic - ML prediction tier; NOT experimental
407.27,1.185,52.54,1,7,9,0.738,-10.613,2,3,-4.378,0.161,-3.592,0.59,3.05,1,6,0,-1.538,45.09,7.963,10.89,T006_Mpro,Bacoside A,3,Synthetic - ML prediction tier; NOT experimental
217.36,2.576,163.62,1,2,2,0.394,-10.15,4,4,-4.062,-0.087,-1.607,0.74,6.11,0,3,3,0.639,163.05,6.726,188.0,T005_BACE1,Bacoside A,3,Synthetic - ML prediction tier; NOT experimental
547.31,4.423,57.28,5,10,4,0.326,-6.358,4,4,-4.819,-1.311,-4.073,0.37,3.01,4,6,1,0.633,50.83,7.695,20.16,T006_Mpro,Gallic acid,3,Synthetic - ML prediction tier; NOT experimental
588.88,2.689,142.86,0,9,10,0.298,-6.974,1,3,-4.956,-0.889,-5.783,0.62,3.15,3,6,2,0.534,147.69,6.88,131.91,T001_mGluR2,Mangiferin,3,Synthetic - ML prediction tier; NOT experimental
216.94,2.363,64.88,6,3,4,0.649,-7.422,3,1,-5.989,0.231,-5.964,0.61,4.6,3,3,2,-0.547,57.01,6.561,274.5,T005_BACE1,Curcumin,3,Synthetic - ML prediction tier; NOT experimental
280.65,2.717,114.7,4,6,10,0.498,-9.972,5,4,-5.035,-0.889,-3.225,0.45,3.53,2,6,1,2.13,117.89,8.178,6.64,T007_COX2,Bacoside A,3,Synthetic - ML prediction tier; NOT experimental
200.14,2.55,147.91,6,10,9,0.723,-6.199,2,3,-4.071,-1.984,-5.545,0.39,6.63,3,1,0,-1.421,145.33,5.027,9392.92,T006_Mpro,Gallic acid,3,Synthetic - ML prediction tier; NOT experimental
512.25,5.084,90.1,5,10,4,0.734,-7.019,2,3,-5.122,-1.395,-2.716,0.78,3.43,0,8,1,0.691,93.58,6.81,154.73,T003_TLR4,Ellagic acid,3,Synthetic - ML prediction tier; NOT experimental
648.41,4.178,82.97,3,8,9,0.35,-11.385,6,0,-4.162,-0.351,-2.369,0.64,4.91,2,4,1,0.638,76.86,9.338,0.46,T005_BACE1,Gallic acid,3,Synthetic - ML prediction tier; NOT experimental
280.55,1.943,45.97,0,10,4,0.455,-10.622,5,2,-4.248,0.439,-3.126,0.72,6.83,4,7,1,1.545,55.19,9.092,0.81,T006_Mpro,Gallic acid,3,Synthetic - ML prediction tier; NOT experimental
390.99,1.047,87.4,6,5,10,0.726,-5.499,4,2,-4.967,-1.971,-1.839,0.45,2.47,5,5,0,0.327,80.97,6.707,196.11,T004_FactorXa,Glycyrrhizin,3,Synthetic - ML prediction tier; NOT experimental
259.28,2.942,57.42,5,12,3,0.574,-10.003,6,1,-4.255,-1.38,-4.986,0.45,5.09,1,1,0,2.521,60.93,7.338,45.87,T010_ERa,Quercetin,3,Synthetic - ML prediction tier; NOT experimental
629.0,4.588,85.68,2,9,9,0.852,-7.819,5,2,-5.204,0.251,-5.359,0.62,4.12,4,0,2,-0.638,89.41,6.888,129.54,T003_TLR4,Berberine,3,Synthetic - ML prediction tier; NOT experimental
638.25,3.689,99.01,5,2,0,0.706,-8.654,1,2,-5.277,0.586,-5.064,0.46,3.35,4,5,2,-1.897,97.49,7.568,27.02,T004_FactorXa,Mangiferin,3,Synthetic - ML prediction tier; NOT experimental
289.81,0.579,49.67,4,12,3,0.811,-6.094,2,4,-5.136,-0.857,-5.271,0.88,2.75,0,2,3,-0.002,59.58,6.019,957.17,T010_ERa,Quercetin,3,Synthetic - ML prediction tier; NOT experimental
416.99,1.394,102.99,2,10,9,0.236,-10.758,2,0,-5.569,-1.237,-1.805,0.36,5.72,2,5,2,0.362,111.63,8.238,5.79,T001_mGluR2,Glycyrrhizin,3,Synthetic - ML prediction tier; NOT experimental
583.68,5.279,59.84,4,12,10,0.604,-4.155,3,2,-5.35,-0.469,-2.126,0.57,2.39,4,4,3,0.79,52.74,6.823,150.34,T003_TLR4,Glycyrrhizin,3,Synthetic - ML prediction tier; NOT experimental
360.91,3.174,90.72,0,3,2,0.458,-9.149,6,2,-4.579,-0.184,-4.023,0.83,5.9,2,8,3,-0.516,84.39,9.072,0.85,T007_COX2,Curcumin,3,Synthetic - ML prediction tier; NOT experimental
620.22,3.704,42.01,1,8,1,0.272,-4.474,4,4,-5.892,0.313,-3.38,0.9,2.52,4,2,0,0.929,49.72,6.227,592.95,T004_FactorXa,Withanolide A,3,Synthetic - ML prediction tier; NOT experimental
273.7,1.205,123.97,1,10,2,0.221,-6.523,3,3,-5.066,0.613,-1.326,0.63,2.68,5,8,1,0.545,123.1,7.24,57.49,T005_BACE1,Quercetin,3,Synthetic - ML prediction tier; NOT experimental
469.89,2.703,166.34,3,10,3,0.804,-8.186,3,3,-5.48,-1.089,-6.0,0.79,6.24,2,4,3,0.211,170.09,6.01,976.53,T005_BACE1,Berberine,3,Synthetic - ML prediction tier; NOT experimental
299.81,4.095,149.69,4,5,0,0.611,-10.086,5,3,-5.21,-1.51,-2.314,0.53,3.89,2,1,3,0.752,150.03,7.735,18.39,T007_COX2,Curcumin,3,Synthetic - ML prediction tier; NOT experimental
292.34,3.958,151.32,3,5,1,0.337,-9.328,6,3,-4.765,-1.184,-2.886,0.41,2.1,0,8,0,-1.884,143.37,6.729,186.45,T004_FactorXa,Bacoside A,3,Synthetic - ML prediction tier; NOT experimental
507.6,3.863,64.92,1,2,7,0.363,-8.348,4,2,-5.073,0.374,-4.349,0.81,6.76,0,4,3,-2.572,64.32,7.433,36.86,T010_ERa,Mangiferin,3,Synthetic - ML prediction tier; NOT experimental
564.13,0.232,145.22,1,8,7,0.385,-4.041,2,3,-4.529,-1.718,-2.67,0.43,3.95,2,5,1,0.775,136.07,5.375,4217.29,T006_Mpro,Quercetin,3,Synthetic - ML prediction tier; NOT experimental
211.07,2.387,74.82,2,2,10,0.363,-10.653,6,3,-5.351,-1.498,-4.619,0.37,5.95,0,0,3,1.13,67.92,7.522,30.06,T005_BACE1,Ellagic acid,3,Synthetic - ML prediction tier; NOT experimental
492.97,1.531,175.45,6,12,0,0.245,-6.666,6,4,-4.417,-1.623,-4.837,0.89,5.94,2,7,1,-2.872,173.0,5.581,2624.24,T007_COX2,Bacoside A,3,Synthetic - ML prediction tier; NOT experimental
275.35,-0.263,135.99,4,6,8,0.723,-10.077,2,4,-5.305,0.197,-4.623,0.8,6.57,4,2,0,0.187,134.98,7.572,26.79,T005_BACE1,Gallic acid,3,Synthetic - ML prediction tier; NOT experimental
537.96,2.536,140.05,0,11,5,0.782,-9.709,6,0,-4.683,-0.383,-4.063,0.61,4.49,4,2,2,-1.064,142.87,7.279,52.55,T001_mGluR2,Ellagic acid,3,Synthetic - ML prediction tier; NOT experimental
411.6,-0.1,155.28,1,4,0,0.352,-7.86,1,0,-4.858,0.509,-2.71,0.62,5.51,2,0,2,-1.676,159.64,6.364,432.04,T007_COX2,Berberine,3,Synthetic - ML prediction tier; NOT experimental
614.2,4.492,100.21,5,2,5,0.619,-4.463,4,2,-4.412,-1.825,-2.915,0.62,5.67,2,1,1,2.764,92.15,5.467,3415.61,T007_COX2,Withanolide A,3,Synthetic - ML prediction tier; NOT experimental
415.83,0.637,108.93,1,11,10,0.911,-7.312,5,3,-4.508,0.299,-3.117,0.7,5.51,3,1,1,1.755,109.93,5.699,2000.13,T006_Mpro,Berberine,3,Synthetic - ML prediction tier; NOT experimental
616.76,4.915,112.51,2,7,6,0.773,-8.271,6,2,-4.783,-0.311,-4.93,0.76,6.63,2,5,3,-0.315,110.45,7.731,18.6,T007_COX2,Gallic acid,3,Synthetic - ML prediction tier; NOT experimental
641.48,3.075,107.64,2,2,4,0.938,-9.889,3,0,-4.457,0.83,-1.888,0.85,4.56,4,2,0,-2.774,104.75,8.146,7.15,T006_Mpro,Withanolide A,3,Synthetic - ML prediction tier; NOT experimental
266.5,4.366,43.79,3,11,3,0.751,-6.073,4,1,-5.023,0.697,-2.486,0.79,2.48,5,4,0,1.385,45.31,7.899,12.61,T001_mGluR2,Gallic acid,3,Synthetic - ML prediction tier; NOT experimental
610.94,1.506,161.97,3,8,1,0.852,-9.8,6,4,-4.143,-0.098,-2.839,0.33,4.62,2,8,1,-1.039,165.92,8.101,7.93,T005_BACE1,Berberine,3,Synthetic - ML prediction tier; NOT experimental
526.42,2.952,43.51,3,6,6,0.311,-8.979,4,4,-4.509,-0.356,-4.687,0.54,4.17,5,2,1,-0.114,37.47,8.833,1.47,T005_BACE1,Withanolide A,3,Synthetic - ML prediction tier; NOT experimental
430.58,5.482,108.64,1,3,4,0.783,-9.074,5,0,-5.775,-0.759,-4.174,0.41,3.72,5,0,2,-1.984,105.63,8.357,4.39,T006_Mpro,Bacoside A,3,Synthetic - ML prediction tier; NOT experimental
370.23,5.045,65.02,5,7,2,0.768,-5.104,1,0,-5.514,-0.137,-5.262,0.8,3.44,2,1,2,-0.3,55.48,5.373,4235.37,T003_TLR4,Quercetin,3,Synthetic - ML prediction tier; NOT experimental
255.94,2.779,142.55,4,9,9,0.747,-10.44,6,0,-5.247,0.718,-3.366,0.45,2.3,1,4,0,-0.21,151.46,8.0,9.99,T007_COX2,Glycyrrhizin,3,Synthetic - ML prediction tier; NOT experimental
582.14,-0.386,160.11,5,8,3,0.935,-7.686,6,0,-4.192,-0.546,-3.014,0.35,2.99,3,8,0,-2.761,168.56,6.858,138.77,T004_FactorXa,Glycyrrhizin,3,Synthetic - ML prediction tier; NOT experimental
394.97,3.966,32.76,5,7,5,0.669,-9.728,5,2,-4.376,-0.123,-1.607,0.83,6.07,0,8,2,-1.647,29.59,8.492,3.22,T007_COX2,Mangiferin,3,Synthetic - ML prediction tier; NOT experimental
410.36,3.568,160.91,5,5,6,0.38,-10.354,3,4,-5.341,-0.373,-4.966,0.38,4.71,1,2,2,1.131,168.88,7.426,37.53,T003_TLR4,Mangiferin,3,Synthetic - ML prediction tier; NOT experimental
647.84,5.355,51.77,4,4,5,0.251,-7.503,6,0,-5.632,0.519,-5.272,0.32,3.59,3,6,2,-0.342,60.45,8.881,1.32,T004_FactorXa,Bacoside A,3,Synthetic - ML prediction tier; NOT experimental
539.55,0.141,57.71,6,11,9,0.4,-7.247,2,4,-5.536,0.062,-4.204,0.71,4.38,4,7,2,-1.896,55.46,6.981,104.37,T005_BACE1,Bacoside A,3,Synthetic - ML prediction tier; NOT experimental
231.89,0.858,91.29,0,6,6,0.367,-6.465,2,1,-5.868,0.781,-1.072,0.82,4.45,2,7,1,-0.435,96.81,5.928,1179.57,T007_COX2,Glycyrrhizin,3,Synthetic - ML prediction tier; NOT experimental
347.08,5.135,115.79,4,10,10,0.857,-5.598,5,0,-5.097,0.481,-5.788,0.9,4.59,3,0,3,0.097,118.4,5.621,2391.94,T001_mGluR2,Withanolide A,3,Synthetic - ML prediction tier; NOT experimental
295.59,1.888,75.68,6,6,7,0.325,-9.292,1,4,-4.193,-0.609,-2.769,0.35,4.5,1,8,1,-0.642,72.15,8.376,4.2,T007_COX2,Withanolide A,3,Synthetic - ML prediction tier; NOT experimental
591.27,0.041,78.61,5,4,1,0.268,-6.203,6,2,-5.829,0.122,-2.366,0.89,5.06,1,6,3,-2.737,72.03,6.104,786.73,T004_FactorXa,Bacoside A,3,Synthetic - ML prediction tier; NOT experimental
231.06,0.368,145.37,0,8,4,0.432,-5.735,4,2,-4.747,-1.647,-5.342,0.42,5.11,2,0,3,-0.014,145.35,5.052,8869.55,T005_BACE1,Withanolide A,3,Synthetic - ML prediction tier; NOT experimental
258.44,3.457,98.06,3,3,9,0.65,-9.665,5,2,-4.76,-0.327,-1.874,0.33,2.74,5,5,0,-2.128,88.71,8.095,8.04,T006_Mpro,Curcumin,3,Synthetic - ML prediction tier; NOT experimental
315.56,0.026,46.33,1,4,10,0.413,-6.543,6,4,-4.855,-0.313,-1.169,0.75,3.8,0,1,2,-1.063,54.28,5.745,1797.86,T010_ERa,Quercetin,3,Synthetic - ML prediction tier; NOT experimental
182.46,2.325,48.3,6,6,5,0.595,-7.565,6,1,-4.776,-1.672,-2.351,0.68,6.94,3,4,3,0.653,44.63,7.059,87.35,T006_Mpro,Glycyrrhizin,3,Synthetic - ML prediction tier; NOT experimental
613.55,3.186,104.46,5,12,7,0.569,-10.151,5,1,-4.583,0.938,-5.992,0.31,5.13,0,3,3,-0.516,101.14,7.019,95.76,T001_mGluR2,Withanolide A,3,Synthetic - ML prediction tier; NOT experimental
495.01,1.027,40.18,2,10,8,0.443,-11.454,6,2,-5.317,0.173,-2.92,0.32,2.88,2,5,3,2.497,46.12,9.039,0.91,T007_COX2,Bacoside A,3,Synthetic - ML prediction tier; NOT experimental
390.75,3.263,163.81,4,7,7,0.788,-8.395,6,0,-4.33,-1.102,-2.375,0.49,4.68,1,5,2,-2.603,156.79,6.881,131.56,T005_BACE1,Quercetin,3,Synthetic - ML prediction tier; NOT experimental
571.2,2.926,88.43,4,3,4,0.729,-9.141,1,2,-5.172,-0.509,-4.812,0.57,6.75,1,8,2,-1.95,85.92,7.737,18.33,T001_mGluR2,Withanolide A,3,Synthetic - ML prediction tier; NOT experimental
606.68,2.163,33.74,3,10,2,0.343,-4.573,6,4,-5.379,-1.018,-2.153,0.36,6.91,4,2,1,1.347,32.93,6.038,916.03,T001_mGluR2,Curcumin,3,Synthetic - ML prediction tier; NOT experimental
616.17,3.622,119.14,0,7,7,0.867,-10.727,6,2,-5.955,0.275,-2.806,0.43,3.0,2,4,2,1.637,122.57,7.999,10.03,T004_FactorXa,Bacoside A,3,Synthetic - ML prediction tier; NOT experimental
228.75,0.187,173.74,4,10,1,0.355,-8.873,3,2,-5.717,0.113,-4.584,0.45,2.36,4,5,3,-2.696,164.32,7.223,59.89,T005_BACE1,Gallic acid,3,Synthetic - ML prediction tier; NOT experimental
193.06,1.852,135.7,4,12,7,0.662,-9.157,2,4,-5.843,0.768,-2.178,0.64,2.46,5,7,0,-0.266,139.39,8.158,6.95,T007_COX2,Berberine,3,Synthetic - ML prediction tier; NOT experimental
385.27,5.185,51.56,4,6,5,0.494,-6.253,6,2,-4.422,0.647,-3.734,0.32,4.38,2,7,3,2.075,47.2,7.428,37.34,T006_Mpro,Ellagic acid,3,Synthetic - ML prediction tier; NOT experimental
352.84,3.786,46.05,4,12,1,0.794,-7.504,4,4,-5.173,-0.137,-3.26,0.88,3.92,2,3,3,1.706,44.75,7.996,10.08,T010_ERa,Glycyrrhizin,3,Synthetic - ML prediction tier; NOT experimental
422.26,0.917,129.39,0,11,7,0.286,-7.029,3,4,-5.805,-0.664,-4.46,0.54,4.99,5,6,2,-0.034,132.6,7.792,16.14,T006_Mpro,Gallic acid,3,Synthetic - ML prediction tier; NOT experimental
528.54,3.465,97.95,2,8,9,0.633,-10.033,6,2,-5.401,0.383,-2.602,0.85,6.68,5,5,0,0.496,100.18,9.299,0.5,T006_Mpro,Mangiferin,3,Synthetic - ML prediction tier; NOT experimental
573.82,4.615,39.36,4,2,0,0.728,-5.344,3,0,-4.278,0.597,-4.824,0.72,3.97,2,6,3,-0.711,40.26,6.855,139.62,T003_TLR4,Quercetin,3,Synthetic - ML prediction tier; NOT experimental
342.3,5.047,155.99,1,6,10,0.294,-11.413,6,0,-5.712,0.655,-2.71,0.88,2.68,1,6,3,2.361,159.9,8.385,4.12,T005_BACE1,Bacoside A,3,Synthetic - ML prediction tier; NOT experimental
377.2,2.045,153.01,3,7,3,0.339,-6.966,5,3,-4.306,-1.29,-3.491,0.55,4.73,2,0,0,0.409,157.11,5.653,2223.88,T007_COX2,Ellagic acid,3,Synthetic - ML prediction tier; NOT experimental
221.04,3.888,177.54,6,6,7,0.588,-7.575,5,0,-5.51,-0.108,-2.681,0.7,5.42,4,4,0,2.422,178.24,7.209,61.75,T001_mGluR2,Berberine,3,Synthetic - ML prediction tier; NOT experimental
377.02,4.936,116.09,2,8,5,0.92,-5.513,3,1,-5.929,0.769,-2.253,0.74,4.82,0,7,1,0.437,119.22,5.979,1049.56,T001_mGluR2,Curcumin,3,Synthetic - ML prediction tier; NOT experimental
392.38,0.261,41.53,6,6,4,0.299,-9.393,3,0,-4.517,-0.189,-1.449,0.74,5.3,2,2,2,1.695,36.25,8.21,6.17,T003_TLR4,Quercetin,3,Synthetic - ML prediction tier; NOT experimental
581.01,1.557,42.66,1,11,2,0.828,-5.854,4,3,-5.524,-0.679,-2.812,0.43,5.67,2,0,2,1.533,34.98,6.169,678.13,T004_FactorXa,Berberine,3,Synthetic - ML prediction tier; NOT experimental
523.08,4.015,109.88,3,12,6,0.556,-10.411,4,0,-5.422,0.392,-4.09,0.49,4.65,0,1,2,2.737,108.51,7.857,13.9,T007_COX2,Curcumin,3,Synthetic - ML prediction tier; NOT experimental
317.48,1.103,44.74,5,11,6,0.546,-6.435,2,4,-4.459,-0.44,-2.611,0.9,3.57,0,0,0,-2.928,36.7,5.511,3080.44,T003_TLR4,Curcumin,3,Synthetic - ML prediction tier; NOT experimental
275.95,-0.296,122.91,0,11,10,0.87,-9.874,5,0,-4.584,-1.64,-1.718,0.38,5.28,5,2,0,1.174,117.98,7.962,10.9,T005_BACE1,Ellagic acid,3,Synthetic - ML prediction tier; NOT experimental
469.39,5.036,71.46,3,12,5,0.393,-5.645,3,0,-5.234,-1.002,-5.7,0.87,3.32,3,1,3,2.877,65.47,6.196,636.28,T001_mGluR2,Bacoside A,3,Synthetic - ML prediction tier; NOT experimental
420.32,2.088,122.09,0,9,4,0.277,-10.953,5,2,-4.446,-1.944,-3.511,0.69,2.0,0,6,2,-2.09,118.69,8.176,6.67,T005_BACE1,Gallic acid,3,Synthetic - ML prediction tier; NOT experimental
407.69,5.139,103.6,3,8,1,0.605,-11.475,6,3,-5.758,-0.394,-1.042,0.5,3.51,0,1,2,0.208,112.82,8.476,3.34,T010_ERa,Curcumin,3,Synthetic - ML prediction tier; NOT experimental
473.9,0.56,35.9,3,12,3,0.424,-8.574,1,2,-5.027,0.656,-3.81,0.41,2.18,0,3,3,-0.667,41.75,7.172,67.37,T007_COX2,Curcumin,3,Synthetic - ML prediction tier; NOT experimental
399.84,5.29,151.77,0,2,5,0.242,-5.592,1,3,-5.764,0.421,-2.663,0.58,5.39,4,2,1,2.549,142.5,6.538,289.53,T005_BACE1,Gallic acid,3,Synthetic - ML prediction tier; NOT experimental
271.34,3.393,32.15,5,2,4,0.816,-10.77,5,1,-4.329,-1.808,-1.913,0.37,4.97,4,3,0,1.827,30.68,9.5,0.32,T010_ERa,Mangiferin,3,Synthetic - ML prediction tier; NOT experimental
312.12,5.355,116.4,1,7,3,0.773,-7.052,3,0,-5.759,-1.576,-3.924,0.72,4.77,3,3,0,-2.2,122.22,6.528,296.46,T003_TLR4,Gallic acid,3,Synthetic - ML prediction tier; NOT experimental
589.81,-0.016,31.08,0,12,9,0.865,-8.378,4,1,-5.588,-0.081,-3.385,0.55,6.69,4,0,1,1.303,33.32,7.071,85.01,T001_mGluR2,Curcumin,3,Synthetic - ML prediction tier; NOT experimental
323.93,-0.473,65.35,0,10,1,0.664,-5.03,5,4,-5.561,0.311,-2.703,0.47,2.97,1,7,3,-1.942,68.75,6.36,436.58,T004_FactorXa,Withanolide A,3,Synthetic - ML prediction tier; NOT experimental
367.34,1.506,150.77,6,9,0,0.278,-11.107,5,1,-5.684,-1.913,-3.425,0.34,3.18,3,5,3,-1.807,154.31,8.437,3.66,T004_FactorXa,Withanolide A,3,Synthetic - ML prediction tier; NOT experimental
539.49,1.457,44.71,5,8,3,0.482,-9.845,4,4,-5.031,0.671,-5.275,0.86,4.27,3,5,1,-0.254,38.59,8.275,5.31,T004_FactorXa,Bacoside A,3,Synthetic - ML prediction tier; NOT experimental
166.05,2.912,72.09,0,9,7,0.514,-5.797,2,2,-4.793,0.369,-2.81,0.67,2.85,4,3,0,-0.53,72.53,6.741,181.42,T010_ERa,Withanolide A,3,Synthetic - ML prediction tier; NOT experimental
445.79,4.522,71.88,5,8,3,0.386,-8.243,2,4,-4.107,0.741,-1.509,0.55,2.22,3,8,0,-0.446,69.76,8.544,2.86,T001_mGluR2,Berberine,3,Synthetic - ML prediction tier; NOT experimental
397.64,-0.001,142.96,5,8,3,0.3,-9.282,6,0,-5.968,0.007,-5.191,0.58,4.85,4,0,3,-0.217,135.73,6.307,493.2,T007_COX2,Mangiferin,3,Synthetic - ML prediction tier; NOT experimental
242.47,4.729,124.02,5,12,0,0.845,-10.97,6,2,-4.938,-1.11,-2.236,0.72,5.06,4,3,0,0.723,120.74,9.247,0.57,T007_COX2,Glycyrrhizin,3,Synthetic - ML prediction tier; NOT experimental
593.99,0.166,84.84,4,2,5,0.475,-6.639,6,0,-4.878,0.321,-5.308,0.5,4.7,5,7,1,1.519,90.06,7.206,62.25,T004_FactorXa,Glycyrrhizin,3,Synthetic - ML prediction tier; NOT experimental
598.97,2.521,93.44,0,3,5,0.459,-7.853,5,0,-5.06,-0.404,-1.873,0.84,4.26,2,1,1,2.351,92.6,7.372,42.42,T004_FactorXa,Ellagic acid,3,Synthetic - ML prediction tier; NOT experimental
204.68,1.156,134.56,3,4,3,0.591,-6.795,3,3,-4.061,-0.376,-5.34,0.51,4.22,5,0,2,-1.866,125.0,6.542,287.0,T010_ERa,Withanolide A,3,Synthetic - ML prediction tier; NOT experimental
567.47,2.618,80.38,4,7,10,0.685,-9.053,5,4,-4.316,-0.664,-4.48,0.38,5.95,1,4,1,-0.095,89.8,7.421,37.94,T004_FactorXa,Curcumin,3,Synthetic - ML prediction tier; NOT experimental
377.96,0.498,168.62,5,10,4,0.337,-10.185,6,1,-5.677,-1.649,-1.031,0.64,4.2,2,2,1,0.375,159.31,6.671,213.09,T004_FactorXa,Glycyrrhizin,3,Synthetic - ML prediction tier; NOT experimental
223.97,2.191,176.32,4,6,1,0.89,-8.466,4,1,-4.104,0.783,-5.22,0.88,4.73,4,5,2,-0.157,172.12,8.403,3.95,T006_Mpro,Bacoside A,3,Synthetic - ML prediction tier; NOT experimental
549.79,3.871,168.34,2,3,7,0.875,-10.454,5,0,-5.384,-0.795,-1.796,0.57,2.46,0,3,1,1.688,173.69,6.861,137.87,T003_TLR4,Gallic acid,3,Synthetic - ML prediction tier; NOT experimental
191.79,4.597,131.56,0,10,6,0.346,-9.117,5,4,-4.113,0.725,-4.195,0.39,6.27,2,6,2,-2.927,128.46,7.607,24.7,T006_Mpro,Ellagic acid,3,Synthetic - ML prediction tier; NOT experimental
257.85,4.827,141.23,3,9,4,0.323,-6.04,4,3,-5.721,-0.238,-5.57,0.42,4.37,4,5,0,2.599,143.04,7.163,68.78,T005_BACE1,Ellagic acid,3,Synthetic - ML prediction tier; NOT experimental
153.31,3.333,71.0,1,10,7,0.733,-5.836,2,1,-5.628,-0.855,-3.231,0.33,6.13,4,4,3,0.356,70.27,7.15,70.81,T004_FactorXa,Curcumin,3,Synthetic - ML prediction tier; NOT experimental
628.01,4.505,100.88,5,12,4,0.513,-7.811,6,1,-5.943,0.294,-3.535,0.88,4.99,2,7,3,2.21,103.44,7.951,11.18,T005_BACE1,Ellagic acid,3,Synthetic - ML prediction tier; NOT experimental
336.6,3.898,32.63,2,4,9,0.244,-9.102,6,1,-5.285,-1.841,-4.194,0.68,6.78,0,4,2,0.178,41.36,7.098,79.85,T003_TLR4,Ellagic acid,3,Synthetic - ML prediction tier; NOT experimental
449.38,0.503,78.39,2,12,4,0.404,-6.265,3,0,-4.931,-0.945,-5.281,0.38,3.41,3,6,2,2.525,71.65,6.765,171.68,T003_TLR4,Bacoside A,3,Synthetic - ML prediction tier; NOT experimental
401.69,4.489,149.27,4,11,8,0.835,-6.156,6,0,-5.165,0.748,-5.417,0.38,2.09,2,4,2,-2.166,148.1,6.593,255.06,T004_FactorXa,Bacoside A,3,Synthetic - ML prediction tier; NOT experimental
504.95,-0.327,152.19,1,4,2,0.716,-9.194,2,1,-4.038,-0.726,-2.185,0.37,2.09,3,6,0,-1.822,142.84,7.035,92.26,T007_COX2,Quercetin,3,Synthetic - ML prediction tier; NOT experimental
446.59,2.314,166.28,0,3,4,0.701,-5.841,1,4,-5.589,0.704,-5.076,0.51,2.45,5,4,2,-0.887,173.38,6.397,400.75,T006_Mpro,Ellagic acid,3,Synthetic - ML prediction tier; NOT experimental
199.55,2.969,32.1,1,5,4,0.329,-5.845,1,0,-4.152,0.761,-1.744,0.58,5.49,1,7,0,-1.915,29.19,6.048,895.56,T005_BACE1,Mangiferin,3,Synthetic - ML prediction tier; NOT experimental
257.14,0.865,46.93,2,3,7,0.283,-10.481,3,2,-4.886,-1.878,-4.359,0.37,3.42,4,4,3,-1.645,45.07,9.266,0.54,T010_ERa,Ellagic acid,3,Synthetic - ML prediction tier; NOT experimental
597.38,4.315,170.86,2,4,0,0.949,-7.813,1,3,-5.124,-0.024,-5.575,0.39,4.0,4,1,1,-2.612,180.37,6.565,272.07,T004_FactorXa,Withanolide A,3,Synthetic - ML prediction tier; NOT experimental
447.48,5.444,48.41,6,8,7,0.409,-6.149,5,4,-5.454,0.368,-2.781,0.54,4.38,4,6,3,0.068,41.36,7.785,16.39,T005_BACE1,Berberine,3,Synthetic - ML prediction tier; NOT experimental
265.41,5.154,34.46,5,2,1,0.574,-11.299,2,3,-4.791,-1.019,-4.486,0.67,5.8,5,8,3,1.756,28.5,9.5,0.32,T007_COX2,Berberine,3,Synthetic - ML prediction tier; NOT experimental
395.13,1.07,81.54,6,10,8,0.213,-5.77,4,0,-5.233,-1.056,-4.118,0.58,2.16,4,4,1,-0.051,74.23,6.246,567.49,T001_mGluR2,Berberine,3,Synthetic - ML prediction tier; NOT experimental
480.04,3.612,115.83,3,10,2,0.58,-8.565,4,4,-4.058,-0.149,-4.236,0.89,3.6,0,0,1,2.022,112.81,5.835,1463.66,T007_COX2,Gallic acid,3,Synthetic - ML prediction tier; NOT experimental
532.6,3.251,87.09,3,7,5,0.509,-11.077,2,1,-5.531,-1.064,-5.575,0.71,6.34,0,5,1,-2.882,83.61,7.309,49.09,T006_Mpro,Quercetin,3,Synthetic - ML prediction tier; NOT experimental
600.7,1.1,134.39,4,2,5,0.483,-8.573,5,0,-4.383,-1.7,-2.624,0.5,4.51,5,5,1,0.689,131.66,7.873,13.41,T005_BACE1,Withanolide A,3,Synthetic - ML prediction tier; NOT experimental
398.48,4.584,148.07,6,10,3,0.416,-11.144,5,3,-4.391,-0.126,-1.21,0.73,4.89,4,5,2,-2.596,154.1,8.65,2.24,T010_ERa,Ellagic acid,3,Synthetic - ML prediction tier; NOT experimental
475.77,1.311,150.62,3,12,8,0.435,-8.393,3,4,-4.969,0.015,-3.262,0.83,5.14,4,2,3,-1.722,159.86,6.912,122.53,T007_COX2,Berberine,3,Synthetic - ML prediction tier; NOT experimental
283.97,3.328,151.34,6,8,9,0.745,-11.051,2,2,-5.075,-1.279,-2.268,0.76,6.22,3,5,0,0.804,158.26,8.416,3.84,T003_TLR4,Curcumin,3,Synthetic - ML prediction tier; NOT experimental
493.43,0.917,65.77,1,5,0,0.384,-5.296,4,3,-4.88,-0.692,-2.765,0.32,2.8,1,0,2,1.738,61.33,5.435,3669.8,T006_Mpro,Bacoside A,3,Synthetic - ML prediction tier; NOT experimental
472.15,-0.247,138.37,6,2,0,0.845,-10.871,5,2,-4.266,0.702,-3.965,0.52,5.29,0,6,1,-1.584,139.79,7.135,73.33,T007_COX2,Quercetin,3,Synthetic - ML prediction tier; NOT experimental
275.9,4.807,65.71,0,7,5,0.824,-5.971,6,1,-4.129,-1.346,-5.466,0.43,3.37,3,4,0,-0.058,63.21,6.894,127.68,T001_mGluR2,Glycyrrhizin,3,Synthetic - ML prediction tier; NOT experimental
422.87,2.349,66.95,2,4,5,0.556,-8.742,3,0,-4.709,0.716,-5.826,0.74,5.99,0,3,2,0.316,63.14,7.395,40.3,T010_ERa,Ellagic acid,3,Synthetic - ML prediction tier; NOT experimental
417.46,0.918,96.36,0,8,4,0.426,-4.478,2,2,-5.579,0.671,-1.421,0.68,6.4,5,6,0,-1.356,87.96,5.951,1119.01,T010_ERa,Berberine,3,Synthetic - ML prediction tier; NOT experimental
385.55,1.978,156.17,5,8,1,0.818,-6.261,5,0,-5.296,-0.194,-1.933,0.74,4.27,0,0,1,0.781,161.99,4.933,11663.51,T007_COX2,Curcumin,3,Synthetic - ML prediction tier; NOT experimental
306.86,-0.007,53.67,4,12,2,0.835,-6.357,3,3,-5.043,0.206,-4.697,0.71,6.13,2,3,0,-0.513,47.31,6.327,470.95,T005_BACE1,Withanolide A,3,Synthetic - ML prediction tier; NOT experimental
160.37,-0.362,113.78,4,12,3,0.88,-4.194,2,2,-4.597,-1.494,-3.995,0.56,3.3,0,5,1,2.683,106.13,4.499,31687.7,T005_BACE1,Berberine,3,Synthetic - ML prediction tier; NOT experimental
209.26,3.781,58.58,6,6,4,0.76,-8.634,4,1,-4.8,0.986,-4.585,0.71,4.09,3,2,0,-1.259,53.82,7.204,62.54,T006_Mpro,Berberine,3,Synthetic - ML prediction tier; NOT experimental
603.66,1.718,132.64,3,3,0,0.552,-4.964,6,3,-4.626,0.14,-2.458,0.74,3.28,0,8,0,-2.687,141.26,4.738,18260.49,T006_Mpro,Gallic acid,3,Synthetic - ML prediction tier; NOT experimental
152.68,2.527,87.14,3,12,5,0.299,-4.808,1,4,-5.641,-1.49,-3.536,0.5,4.34,0,5,3,-2.149,79.48,5.416,3836.85,T001_mGluR2,Bacoside A,3,Synthetic - ML prediction tier; NOT experimental
399.61,5.34,72.15,2,8,4,0.877,-9.526,3,4,-5.374,0.678,-4.422,0.9,5.82,1,8,3,-2.681,65.12,8.816,1.53,T004_FactorXa,Bacoside A,3,Synthetic - ML prediction tier; NOT experimental
502.98,2.119,179.28,3,2,7,0.467,-6.182,4,3,-5.014,0.538,-1.666,0.37,2.47,2,2,1,1.5,185.73,5.341,4557.52,T006_Mpro,Withanolide A,3,Synthetic - ML prediction tier; NOT experimental
441.77,5.33,108.9,4,4,6,0.89,-9.654,4,0,-4.225,-1.922,-2.593,0.71,3.97,4,1,2,-2.077,100.52,8.482,3.3,T005_BACE1,Curcumin,3,Synthetic - ML prediction tier; NOT experimental
447.1,-0.465,175.47,5,11,7,0.444,-6.013,6,4,-5.741,0.59,-1.992,0.47,5.99,5,1,3,-2.445,170.57,4.886,13009.73,T003_TLR4,Mangiferin,3,Synthetic - ML prediction tier; NOT experimental
194.59,4.614,54.44,6,8,4,0.685,-4.342,2,0,-5.403,0.403,-2.321,0.85,6.52,4,2,2,0.993,61.08,5.935,1162.42,T005_BACE1,Berberine,3,Synthetic - ML prediction tier; NOT experimental
284.24,3.102,43.53,3,7,9,0.34,-6.77,1,0,-4.973,0.92,-2.618,0.69,5.57,3,8,0,-1.256,42.28,7.582,26.19,T010_ERa,Berberine,3,Synthetic - ML prediction tier; NOT experimental
300.2,5.405,132.65,2,5,8,0.521,-7.236,5,0,-4.165,-0.46,-3.447,0.55,4.32,5,4,2,-1.471,124.28,7.39,40.77,T007_COX2,Berberine,3,Synthetic - ML prediction tier; NOT experimental
239.78,0.593,88.94,0,8,4,0.435,-6.069,6,3,-4.752,-1.205,-1.166,0.82,2.94,1,1,2,2.23,81.07,5.403,3954.23,T006_Mpro,Gallic acid,3,Synthetic - ML prediction tier; NOT experimental
152.92,0.2,55.76,3,9,6,0.852,-4.256,5,3,-5.394,0.439,-2.916,0.71,6.82,5,6,2,-2.474,48.46,6.663,217.06,T007_COX2,Withanolide A,3,Synthetic - ML prediction tier; NOT experimental
579.51,0.755,127.29,5,5,6,0.832,-5.064,5,1,-5.828,0.309,-5.259,0.55,2.58,1,7,3,-0.171,134.49,6.317,481.98,T006_Mpro,Withanolide A,3,Synthetic - ML prediction tier; NOT experimental
250.67,2.917,155.08,0,7,0,0.277,-5.143,4,3,-4.303,0.211,-3.021,0.63,3.45,3,6,3,0.08,159.57,6.818,152.13,T010_ERa,Berberine,3,Synthetic - ML prediction tier; NOT experimental
265.95,-0.136,32.85,4,7,8,0.248,-4.803,4,3,-5.766,-0.132,-2.769,0.57,4.18,1,4,1,-0.185,31.62,5.025,9433.73,T006_Mpro,Withanolide A,3,Synthetic - ML prediction tier; NOT experimental
443.83,3.61,168.26,6,12,7,0.298,-9.3,6,3,-4.08,0.499,-2.634,0.74,5.98,1,3,2,1.144,159.98,6.652,222.99,T003_TLR4,Berberine,3,Synthetic - ML prediction tier; NOT experimental
200.45,1.996,179.07,2,5,3,0.618,-4.006,3,2,-5.286,-1.524,-1.86,0.84,2.16,0,5,3,-2.316,173.6,4.254,55776.0,T006_Mpro,Withanolide A,3,Synthetic - ML prediction tier; NOT experimental
393.18,5.462,147.73,6,2,8,0.401,-10.366,6,4,-4.791,-1.688,-5.748,0.87,5.99,0,1,0,1.942,138.57,7.574,26.66,T010_ERa,Withanolide A,3,Synthetic - ML prediction tier; NOT experimental
605.49,0.442,73.82,3,10,7,0.749,-10.755,6,2,-5.331,-1.587,-1.757,0.56,4.08,0,3,3,-0.952,73.92,8.015,9.67,T001_mGluR2,Curcumin,3,Synthetic - ML prediction tier; NOT experimental
336.22,4.029,84.1,5,5,2,0.765,-7.528,2,1,-4.396,-0.76,-3.953,0.58,6.26,5,5,0,-0.345,89.5,7.857,13.89,T001_mGluR2,Ellagic acid,3,Synthetic - ML prediction tier; NOT experimental
319.15,1.91,145.86,3,2,6,0.769,-6.549,6,1,-4.195,-1.827,-2.842,0.73,5.3,4,4,3,-0.588,149.47,6.118,761.79,T006_Mpro,Curcumin,3,Synthetic - ML prediction tier; NOT experimental
510.78,1.382,81.62,6,6,8,0.658,-10.399,4,3,-4.712,0.663,-2.878,0.67,4.21,2,6,1,2.286,73.31,8.093,8.08,T007_COX2,Bacoside A,3,Synthetic - ML prediction tier; NOT experimental
410.23,2.745,62.06,4,10,4,0.591,-5.822,2,0,-5.944,0.39,-3.037,0.44,5.87,5,6,0,1.392,68.89,7.28,52.44,T004_FactorXa,Quercetin,3,Synthetic - ML prediction tier; NOT experimental
327.24,-0.214,127.64,0,9,4,0.629,-11.461,3,1,-4.389,0.967,-3.172,0.84,5.14,4,3,2,-1.205,130.98,8.527,2.97,T003_TLR4,Mangiferin,3,Synthetic - ML prediction tier; NOT experimental
409.83,0.986,79.18,4,5,5,0.541,-10.401,4,3,-5.836,-1.813,-1.557,0.59,4.23,2,8,3,0.529,79.56,8.351,4.46,T005_BACE1,Curcumin,3,Synthetic - ML prediction tier; NOT experimental
442.15,3.319,179.48,5,9,6,0.818,-10.417,2,3,-4.578,-1.612,-2.477,0.82,2.59,1,7,3,-2.804,172.61,7.032,92.95,T001_mGluR2,Mangiferin,3,Synthetic - ML prediction tier; NOT experimental
205.17,1.718,73.44,4,4,1,0.479,-4.067,3,2,-5.028,0.374,-5.289,0.65,2.24,2,4,1,-1.902,78.23,4.874,13370.38,T001_mGluR2,Ellagic acid,3,Synthetic - ML prediction tier; NOT experimental
423.77,-0.095,36.7,3,11,4,0.624,-4.748,4,3,-4.331,0.501,-5.336,0.38,5.18,3,7,1,2.198,33.21,6.646,226.2,T005_BACE1,Mangiferin,3,Synthetic - ML prediction tier; NOT experimental
266.41,1.872,111.15,5,9,4,0.684,-5.005,6,0,-4.856,0.388,-2.463,0.64,2.62,4,1,1,2.731,111.99,5.105,7851.37,T010_ERa,Gallic acid,3,Synthetic - ML prediction tier; NOT experimental
628.65,2.631,142.58,4,2,1,0.694,-7.511,1,2,-4.426,-1.264,-2.472,0.83,4.22,4,5,3,0.533,142.41,7.683,20.76,T003_TLR4,Mangiferin,3,Synthetic - ML prediction tier; NOT experimental
162.03,2.667,87.3,0,3,1,0.606,-9.36,2,2,-4.463,-1.537,-1.239,0.71,2.29,2,2,0,1.28,83.26,7.252,56.02,T001_mGluR2,Glycyrrhizin,3,Synthetic - ML prediction tier; NOT experimental
221.23,4.858,68.69,6,3,0,0.352,-5.859,5,1,-5.014,0.257,-4.075,0.37,2.3,3,8,3,-2.607,59.27,6.914,121.87,T001_mGluR2,Curcumin,3,Synthetic - ML prediction tier; NOT experimental
427.04,3.017,45.23,6,10,10,0.789,-9.215,4,3,-5.832,-0.093,-4.983,0.88,3.87,1,3,3,2.768,46.33,7.375,42.17,T001_mGluR2,Gallic acid,3,Synthetic - ML prediction tier; NOT experimental
556.32,5.267,123.11,5,4,0,0.245,-4.586,3,4,-5.498,0.04,-1.004,0.81,3.06,4,4,0,-2.032,123.79,6.073,844.45,T007_COX2,Ellagic acid,3,Synthetic - ML prediction tier; NOT experimental
565.25,3.85,179.82,3,5,9,0.579,-5.485,6,2,-4.73,0.939,-2.461,0.46,5.31,2,5,1,-0.241,181.81,5.634,2320.15,T001_mGluR2,Bacoside A,3,Synthetic - ML prediction tier; NOT experimental
473.22,-0.488,101.48,0,12,2,0.51,-4.785,6,3,-4.475,-0.386,-2.063,0.69,2.39,0,7,0,-0.882,107.73,5.052,8861.67,T003_TLR4,Gallic acid,3,Synthetic - ML prediction tier; NOT experimental
212.38,1.723,58.95,0,5,0,0.769,-6.396,6,2,-5.617,0.449,-2.874,0.79,3.11,3,5,0,-1.315,67.04,6.42,380.07,T007_COX2,Withanolide A,3,Synthetic - ML prediction tier; NOT experimental
153.57,5.406,125.77,0,6,9,0.575,-10.221,2,4,-4.656,-0.191,-5.122,0.65,5.73,1,4,1,2.286,130.34,7.966,10.83,T001_mGluR2,Quercetin,3,Synthetic - ML prediction tier; NOT experimental
457.23,3.584,162.47,0,8,10,0.705,-6.625,3,3,-4.311,-0.779,-5.391,0.61,4.48,4,0,1,-2.718,170.83,6.591,256.44,T006_Mpro,Berberine,3,Synthetic - ML prediction tier; NOT experimental
308.12,1.851,80.21,4,2,3,0.934,-8.321,1,1,-5.606,-1.012,-5.686,0.68,2.14,3,0,2,2.043,75.15,6.123,753.11,T010_ERa,Gallic acid,3,Synthetic - ML prediction tier; NOT experimental
560.82,2.618,65.51,0,11,9,0.529,-10.782,4,4,-5.75,0.924,-1.416,0.53,6.45,5,1,1,-2.628,71.56,8.862,1.37,T001_mGluR2,Curcumin,3,Synthetic - ML prediction tier; NOT experimental
455.37,2.091,45.27,0,10,0,0.421,-8.639,1,4,-4.496,-1.301,-3.002,0.7,2.05,3,7,3,2.28,47.66,8.134,7.34,T010_ERa,Gallic acid,3,Synthetic - ML prediction tier; NOT experimental
377.04,1.469,58.87,0,2,9,0.735,-7.053,2,4,-5.748,-0.473,-4.223,0.59,5.1,1,3,1,1.782,50.08,7.256,55.44,T004_FactorXa,Mangiferin,3,Synthetic - ML prediction tier; NOT experimental
406.56,3.41,83.66,4,10,2,0.311,-9.185,3,2,-5.262,-1.976,-3.068,0.71,2.29,4,8,0,-0.468,77.57,8.983,1.04,T010_ERa,Ellagic acid,3,Synthetic - ML prediction tier; NOT experimental
320.78,3.507,134.22,3,11,5,0.839,-7.254,3,4,-5.401,-1.014,-5.476,0.83,6.55,3,3,0,0.833,138.08,7.459,34.77,T005_BACE1,Withanolide A,3,Synthetic - ML prediction tier; NOT experimental
269.51,3.908,172.89,2,8,3,0.5,-5.304,1,2,-5.98,-0.926,-3.227,0.39,4.2,5,5,0,2.852,166.87,6.273,533.54,T004_FactorXa,Bacoside A,3,Synthetic - ML prediction tier; NOT experimental
319.91,2.827,56.78,0,4,4,0.883,-11.343,6,1,-5.242,0.362,-5.445,0.86,3.53,1,5,2,0.965,65.6,9.274,0.53,T010_ERa,Mangiferin,3,Synthetic - ML prediction tier; NOT experimental
589.19,-0.108,51.66,1,5,3,0.599,-6.292,3,4,-5.141,-0.092,-1.395,0.76,4.94,4,4,1,-1.034,42.73,6.9,125.92,T010_ERa,Quercetin,3,Synthetic - ML prediction tier; NOT experimental
634.19,4.815,61.39,0,9,10,0.661,-10.244,4,4,-5.251,-0.443,-5.105,0.73,4.63,3,7,3,-1.39,59.4,8.725,1.89,T010_ERa,Gallic acid,3,Synthetic - ML prediction tier; NOT experimental
253.6,4.869,97.81,1,8,3,0.429,-4.835,5,1,-4.129,-0.878,-3.247,0.38,2.42,3,8,2,-1.619,88.63,6.417,382.56,T005_BACE1,Berberine,3,Synthetic - ML prediction tier; NOT experimental
366.25,1.705,104.63,2,8,0,0.335,-9.747,6,0,-5.282,-1.753,-1.787,0.61,5.22,2,3,0,-2.288,101.84,7.179,66.18,T006_Mpro,Withanolide A,3,Synthetic - ML prediction tier; NOT experimental
316.88,3.551,67.5,5,12,4,0.343,-6.97,2,4,-4.175,-1.974,-4.503,0.79,5.92,3,6,0,-0.168,67.76,7.355,44.15,T005_BACE1,Withanolide A,3,Synthetic - ML prediction tier; NOT experimental
263.46,3.995,101.17,4,11,8,0.768,-6.081,4,2,-4.416,-1.061,-5.061,0.76,5.49,1,7,3,2.118,91.77,6.659,219.25,T003_TLR4,Bacoside A,3,Synthetic - ML prediction tier; NOT experimental
302.79,3.927,104.97,5,7,5,0.369,-8.307,4,4,-5.401,-0.239,-3.162,0.32,2.7,2,6,3,-1.775,102.78,7.42,38.0,T001_mGluR2,Glycyrrhizin,3,Synthetic - ML prediction tier; NOT experimental
434.76,2.209,164.21,0,4,1,0.706,-10.168,6,4,-5.023,-1.44,-5.653,0.88,3.42,1,4,0,-0.272,161.58,7.015,96.55,T001_mGluR2,Bacoside A,3,Synthetic - ML prediction tier; NOT experimental
313.39,4.959,88.67,0,4,8,0.514,-5.926,4,1,-5.74,-1.383,-3.839,0.73,4.37,4,4,1,0.015,92.36,6.997,100.67,T003_TLR4,Berberine,3,Synthetic - ML prediction tier; NOT experimental
181.99,1.895,151.13,4,7,9,0.859,-8.048,5,0,-4.525,-1.136,-1.595,0.57,5.5,5,4,3,0.678,157.33,7.601,25.05,T003_TLR4,Mangiferin,3,Synthetic - ML prediction tier; NOT experimental
274.57,4.9,139.99,3,8,10,0.338,-7.235,4,0,-5.521,0.612,-4.631,0.68,3.46,0,3,3,-0.532,145.22,6.44,363.46,T010_ERa,Ellagic acid,3,Synthetic - ML prediction tier; NOT experimental
402.2,4.177,91.51,1,6,3,0.58,-8.034,1,3,-5.238,0.238,-1.721,0.54,2.05,0,2,2,1.022,90.8,6.941,114.44,T005_BACE1,Ellagic acid,3,Synthetic - ML prediction tier; NOT experimental
191.27,3.442,137.04,3,4,7,0.815,-5.188,2,0,-4.786,-1.468,-5.379,0.74,2.84,5,0,2,-2.079,134.2,5.786,1637.28,T007_COX2,Quercetin,3,Synthetic - ML prediction tier; NOT experimental
258.08,3.68,155.48,6,10,10,0.697,-6.55,1,3,-4.619,-0.668,-3.009,0.33,3.89,1,3,2,2.453,149.47,6.021,952.28,T001_mGluR2,Mangiferin,3,Synthetic - ML prediction tier; NOT experimental
163.97,-0.413,153.08,5,12,1,0.365,-4.883,6,1,-4.552,-1.868,-3.437,0.79,3.61,5,3,1,2.606,150.98,5.153,7037.63,T001_mGluR2,Glycyrrhizin,3,Synthetic - ML prediction tier; NOT experimental
311.68,-0.41,128.1,0,8,3,0.544,-11.005,3,4,-5.262,-1.798,-4.907,0.48,4.99,0,8,1,-1.488,119.99,7.828,14.87,T004_FactorXa,Mangiferin,3,Synthetic - ML prediction tier; NOT experimental
488.95,5.334,134.06,2,4,10,0.771,-6.343,6,3,-5.865,-1.947,-1.439,0.57,4.56,5,3,0,-1.604,136.39,7.13,74.14,T007_COX2,Mangiferin,3,Synthetic - ML prediction tier; NOT experimental
528.62,3.219,38.99,2,9,4,0.352,-8.682,6,0,-5.524,0.176,-1.057,0.57,6.39,1,4,2,0.862,44.2,7.533,29.28,T006_Mpro,Mangiferin,3,Synthetic - ML prediction tier; NOT experimental
474.02,1.231,33.55,6,7,5,0.382,-7.455,6,1,-4.397,0.089,-4.888,0.82,4.61,1,7,0,-2.612,33.39,7.142,72.1,T003_TLR4,Withanolide A,3,Synthetic - ML prediction tier; NOT experimental
212.78,0.542,112.33,6,5,3,0.581,-8.303,4,2,-5.672,-1.407,-3.88,0.66,3.52,4,7,1,-1.369,117.95,7.579,26.35,T001_mGluR2,Glycyrrhizin,3,Synthetic - ML prediction tier; NOT experimental
349.12,0.507,96.21,4,11,6,0.77,-5.353,4,0,-4.476,-0.718,-5.584,0.84,3.5,4,2,1,-1.456,95.48,5.325,4732.98,T006_Mpro,Berberine,3,Synthetic - ML prediction tier; NOT experimental
185.97,0.32,100.39,1,5,0,0.21,-7.745,6,2,-5.017,0.777,-1.299,0.88,3.87,3,4,0,-0.547,91.17,6.706,196.76,T001_mGluR2,Mangiferin,3,Synthetic - ML prediction tier; NOT experimental
616.06,0.474,144.44,2,7,8,0.732,-6.738,3,0,-4.698,0.78,-2.322,0.45,2.17,2,0,1,-1.432,143.55,4.994,10146.34,T006_Mpro,Bacoside A,3,Synthetic - ML prediction tier; NOT experimental
156.17,4.126,126.66,3,8,9,0.931,-10.897,2,3,-5.668,-0.719,-2.541,0.6,4.67,3,4,3,1.515,135.15,8.643,2.27,T010_ERa,Ellagic acid,3,Synthetic - ML prediction tier; NOT experimental
204.64,2.936,149.63,6,4,4,0.762,-4.525,4,2,-5.987,-1.495,-3.541,0.36,5.87,3,8,3,0.927,154.29,6.414,385.89,T007_COX2,Bacoside A,3,Synthetic - ML prediction tier; NOT experimental
249.01,0.592,172.27,3,11,3,0.339,-11.058,2,1,-5.481,0.707,-3.956,0.68,5.12,5,2,0,-1.241,169.83,8.083,8.27,T004_FactorXa,Ellagic acid,3,Synthetic - ML prediction tier; NOT experimental
321.08,3.014,101.68,5,3,0,0.246,-5.862,1,4,-4.422,-1.874,-4.945,0.78,3.88,4,4,3,-0.161,98.43,6.37,426.98,T004_FactorXa,Glycyrrhizin,3,Synthetic - ML prediction tier; NOT experimental
558.42,5.146,129.76,3,11,0,0.931,-4.952,1,0,-5.086,0.095,-2.374,0.83,2.69,4,1,2,2.706,134.79,6.299,502.45,T003_TLR4,Glycyrrhizin,3,Synthetic - ML prediction tier; NOT experimental
375.96,3.617,160.48,4,8,10,0.341,-4.104,3,0,-4.732,0.62,-1.152,0.74,5.39,1,7,3,1.435,166.36,4.797,15952.67,T005_BACE1,Ellagic acid,3,Synthetic - ML prediction tier; NOT experimental
517.14,1.263,59.26,1,10,9,0.789,-6.125,1,1,-5.004,-1.739,-1.838,0.9,6.94,3,2,3,2.73,58.9,7.387,41.0,T006_Mpro,Withanolide A,3,Synthetic - ML prediction tier; NOT experimental
271.68,0.523,171.63,5,3,1,0.526,-6.132,2,2,-4.195,0.299,-4.898,0.45,4.38,5,1,1,2.536,174.3,4.985,10354.3,T004_FactorXa,Withanolide A,3,Synthetic - ML prediction tier; NOT experimental
615.89,4.098,120.1,5,7,6,0.883,-5.928,6,3,-4.692,0.355,-1.169,0.56,3.17,2,1,2,-2.474,111.88,5.76,1737.02,T007_COX2,Withanolide A,3,Synthetic - ML prediction tier; NOT experimental
522.31,0.197,85.16,6,7,6,0.633,-11.487,1,4,-4.929,0.541,-1.101,0.49,3.83,5,2,1,-2.36,75.34,8.885,1.3,T010_ERa,Curcumin,3,Synthetic - ML prediction tier; NOT experimental
568.61,2.499,98.37,4,6,2,0.76,-5.132,6,0,-4.802,-1.073,-1.048,0.37,6.98,5,7,1,-0.03,102.45,6.669,214.42,T005_BACE1,Gallic acid,3,Synthetic - ML prediction tier; NOT experimental
640.57,1.499,154.18,1,5,0,0.892,-5.68,4,3,-5.402,0.445,-1.438,0.4,2.11,3,5,3,1.067,163.99,6.098,797.29,T006_Mpro,Curcumin,3,Synthetic - ML prediction tier; NOT experimental
291.18,5.038,135.17,4,8,1,0.298,-5.858,5,0,-4.3,0.129,-3.712,0.4,2.69,5,7,2,2.383,129.36,7.091,81.02,T010_ERa,Withanolide A,3,Synthetic - ML prediction tier; NOT experimental
517.66,-0.445,138.89,4,3,10,0.789,-5.062,4,3,-4.641,-1.495,-5.718,0.51,4.37,0,1,2,0.56,148.29,4.0,100000.0,T001_mGluR2,Ellagic acid,3,Synthetic - ML prediction tier; NOT experimental
270.43,2.432,133.2,1,12,6,0.782,-4.066,6,0,-4.445,0.595,-2.748,0.47,5.27,2,0,0,-2.3,125.64,4.0,100000.0,T007_COX2,Quercetin,3,Synthetic - ML prediction tier; NOT experimental
262.47,3.021,178.1,3,6,1,0.796,-10.142,4,3,-5.403,-1.624,-4.374,0.73,6.31,4,2,3,1.877,168.5,7.48,33.14,T010_ERa,Quercetin,3,Synthetic - ML prediction tier; NOT experimental
394.28,2.613,117.71,5,12,1,0.765,-9.944,6,0,-5.639,-0.203,-5.1,0.63,6.0,0,0,1,0.45,120.76,6.53,295.4,T001_mGluR2,Quercetin,3,Synthetic - ML prediction tier; NOT experimental
278.38,4.018,42.69,0,10,4,0.473,-7.417,4,0,-5.503,-1.862,-1.271,0.84,3.47,4,7,1,0.462,46.59,7.209,61.75,T004_FactorXa,Quercetin,3,Synthetic - ML prediction tier; NOT experimental
405.3,3.628,129.39,0,5,0,0.341,-9.252,2,1,-4.796,-1.352,-4.205,0.38,5.11,0,8,2,-1.436,132.39,7.403,39.54,T003_TLR4,Mangiferin,3,Synthetic - ML prediction tier; NOT experimental
378.03,5.168,131.48,5,4,8,0.353,-6.778,3,1,-4.571,-0.309,-2.761,0.61,2.82,1,5,3,-0.726,140.76,6.613,243.85,T006_Mpro,Ellagic acid,3,Synthetic - ML prediction tier; NOT experimental
491.99,1.941,79.4,0,7,5,0.784,-10.403,2,2,-5.98,-0.869,-1.156,0.53,2.53,0,2,2,0.533,85.54,7.838,14.53,T001_mGluR2,Quercetin,3,Synthetic - ML prediction tier; NOT experimental
324.45,2.933,72.3,2,11,1,0.872,-10.219,4,1,-5.31,0.224,-1.16,0.62,4.97,3,7,1,-1.446,76.03,8.828,1.48,T003_TLR4,Mangiferin,3,Synthetic - ML prediction tier; NOT experimental
433.78,1.104,167.77,5,7,3,0.709,-8.363,4,1,-5.122,-0.938,-3.657,0.47,6.76,4,3,2,0.814,159.51,6.349,447.39,T004_FactorXa,Mangiferin,3,Synthetic - ML prediction tier; NOT experimental
535.29,4.571,125.2,0,5,1,0.324,-11.069,6,2,-4.892,-0.521,-1.628,0.88,4.12,4,2,3,-0.013,128.9,8.61,2.45,T001_mGluR2,Mangiferin,3,Synthetic - ML prediction tier; NOT experimental
156.95,0.641,154.71,0,8,8,0.762,-9.668,6,4,-4.632,-1.873,-3.757,0.4,6.65,4,3,1,-2.549,161.5,6.842,143.78,T006_Mpro,Glycyrrhizin,3,Synthetic - ML prediction tier; NOT experimental
626.24,2.036,86.86,2,3,5,0.886,-9.627,5,0,-5.42,-0.551,-4.676,0.3,5.16,3,3,2,2.575,96.05,7.306,49.43,T005_BACE1,Berberine,3,Synthetic - ML prediction tier; NOT experimental
178.75,-0.465,99.05,2,7,1,0.204,-4.824,2,3,-5.291,-1.696,-3.54,0.35,4.57,1,6,0,2.479,89.19,5.041,9105.1,T010_ERa,Curcumin,3,Synthetic - ML prediction tier; NOT experimental
263.05,1.872,74.89,3,4,8,0.809,-10.685,4,3,-5.676,-0.939,-3.83,0.52,6.35,1,1,1,-1.291,67.57,7.271,53.52,T001_mGluR2,Bacoside A,3,Synthetic - ML prediction tier; NOT experimental
483.1,5.19,173.95,2,3,6,0.567,-7.783,6,1,-5.35,0.293,-1.591,0.6,6.62,3,2,0,2.746,179.81,6.861,137.79,T003_TLR4,Bacoside A,3,Synthetic - ML prediction tier; NOT experimental
322.06,-0.418,132.67,0,12,5,0.522,-7.022,1,3,-5.04,-1.153,-5.587,0.56,5.09,5,8,1,-1.503,138.0,7.96,10.97,T003_TLR4,Mangiferin,3,Synthetic - ML prediction tier; NOT experimental
249.21,3.739,151.49,5,10,9,0.336,-4.056,5,1,-5.541,-1.603,-5.808,0.89,6.65,3,0,1,-2.454,142.51,4.0,100000.0,T005_BACE1,Quercetin,3,Synthetic - ML prediction tier; NOT experimental
303.22,3.3,64.71,2,8,7,0.246,-8.297,1,2,-5.78,-0.909,-1.285,0.73,3.23,0,2,0,-2.997,67.92,6.268,539.99,T004_FactorXa,Ellagic acid,3,Synthetic - ML prediction tier; NOT experimental
365.45,1.014,103.69,2,6,1,0.273,-11.398,5,1,-5.338,0.224,-4.193,0.77,4.64,2,3,2,-1.74,101.37,8.364,4.32,T001_mGluR2,Bacoside A,3,Synthetic - ML prediction tier; NOT experimental
464.78,3.111,36.16,5,5,3,0.728,-4.559,1,4,-4.762,-1.096,-3.629,0.76,4.67,1,0,1,-1.85,37.17,5.119,7602.29,T010_ERa,Quercetin,3,Synthetic - ML prediction tier; NOT experimental
637.56,4.869,97.27,5,3,6,0.251,-8.357,5,0,-5.666,-1.178,-1.163,0.47,6.78,0,3,3,-0.03,97.92,7.831,14.77,T006_Mpro,Ellagic acid,3,Synthetic - ML prediction tier; NOT experimental
232.76,4.004,87.62,6,8,6,0.655,-9.948,1,1,-4.856,-0.224,-5.956,0.86,4.56,4,8,2,-1.18,82.03,9.217,0.61,T003_TLR4,Withanolide A,3,Synthetic - ML prediction tier; NOT experimental
172.81,0.929,35.86,1,6,2,0.403,-5.57,6,1,-4.021,-1.37,-5.419,0.69,5.16,2,5,0,2.679,43.54,5.834,1465.66,T004_FactorXa,Bacoside A,3,Synthetic - ML prediction tier; NOT experimental
354.17,3.169,78.7,0,12,0,0.818,-9.855,3,1,-5.488,-1.953,-2.713,0.82,6.7,4,1,3,2.674,73.84,8.146,7.15,T003_TLR4,Berberine,3,Synthetic - ML prediction tier; NOT experimental
260.32,1.113,117.25,6,8,2,0.535,-6.026,4,2,-5.703,-0.563,-3.52,0.58,6.08,1,3,3,2.66,110.86,5.293,5098.15,T004_FactorXa,Gallic acid,3,Synthetic - ML prediction tier; NOT experimental
305.08,4.812,152.62,5,11,3,0.252,-10.96,2,3,-4.182,0.911,-5.499,0.62,5.63,0,1,3,-0.696,144.83,8.149,7.09,T001_mGluR2,Bacoside A,3,Synthetic - ML prediction tier; NOT experimental
274.17,0.002,51.4,5,11,0,0.794,-11.43,1,4,-4.528,-0.985,-2.463,0.42,4.4,4,7,1,-1.156,50.97,9.5,0.32,T003_TLR4,Gallic acid,3,Synthetic - ML prediction tier; NOT experimental
421.76,1.105,111.54,0,2,1,0.608,-10.731,4,1,-5.998,-1.327,-4.867,0.53,3.77,2,3,3,1.121,115.84,8.409,3.9,T001_mGluR2,Withanolide A,3,Synthetic - ML prediction tier; NOT experimental
200.87,5.235,83.6,4,7,1,0.47,-4.565,1,0,-4.791,-1.466,-3.348,0.66,5.4,1,4,2,-0.91,75.67,5.499,3166.05,T005_BACE1,Glycyrrhizin,3,Synthetic - ML prediction tier; NOT experimental
616.44,4.364,136.7,0,2,2,0.783,-10.401,2,3,-5.107,0.391,-1.118,0.79,2.57,3,4,1,-2.457,146.59,8.389,4.08,T004_FactorXa,Berberine,3,Synthetic - ML prediction tier; NOT experimental
361.92,3.661,92.09,6,12,5,0.304,-4.42,2,3,-5.163,-0.509,-3.331,0.62,6.11,3,1,3,0.162,97.62,5.929,1177.88,T010_ERa,Withanolide A,3,Synthetic - ML prediction tier; NOT experimental
501.55,0.911,30.43,6,2,5,0.619,-4.318,1,0,-4.177,-0.917,-1.753,0.77,2.7,3,2,3,-1.545,36.99,5.937,1155.24,T007_COX2,Bacoside A,3,Synthetic - ML prediction tier; NOT experimental
338.73,-0.342,174.74,2,2,1,0.697,-10.947,5,1,-5.94,-0.904,-5.605,0.35,4.85,3,2,1,-0.181,167.54,7.332,46.55,T006_Mpro,Curcumin,3,Synthetic - ML prediction tier; NOT experimental
385.09,3.835,96.6,5,2,4,0.283,-11.05,6,0,-4.792,-1.479,-5.198,0.54,4.12,3,8,2,2.515,96.63,9.5,0.32,T003_TLR4,Curcumin,3,Synthetic - ML prediction tier; NOT experimental
636.56,2.629,176.69,1,5,6,0.664,-9.858,2,4,-4.79,-1.768,-2.538,0.59,5.26,3,6,1,-2.672,174.12,7.26,54.96,T005_BACE1,Withanolide A,3,Synthetic - ML prediction tier; NOT experimental
284.96,0.126,84.41,6,7,0,0.38,-10.279,1,0,-5.576,-1.967,-1.452,0.41,3.01,0,3,2,-2.49,85.81,8.198,6.34,T005_BACE1,Gallic acid,3,Synthetic - ML prediction tier; NOT experimental
174.02,0.059,76.29,2,6,6,0.575,-9.141,4,2,-4.052,0.108,-5.513,0.54,5.71,0,8,1,-2.858,82.21,7.611,24.5,T005_BACE1,Gallic acid,3,Synthetic - ML prediction tier; NOT experimental
295.06,0.409,99.47,5,3,3,0.863,-5.444,6,1,-4.462,-1.517,-1.182,0.61,5.64,5,8,2,-0.315,92.09,6.88,131.69,T005_BACE1,Gallic acid,3,Synthetic - ML prediction tier; NOT experimental
595.34,4.145,88.15,1,11,9,0.256,-10.357,6,3,-5.805,-1.955,-2.168,0.49,6.34,0,7,0,-0.271,81.54,8.706,1.97,T004_FactorXa,Bacoside A,3,Synthetic - ML prediction tier; NOT experimental
184.08,2.959,83.01,0,4,7,0.393,-7.951,3,3,-4.699,-1.579,-5.38,0.64,2.2,2,6,3,2.142,91.35,8.007,9.84,T010_ERa,Glycyrrhizin,3,Synthetic - ML prediction tier; NOT experimental
336.84,3.593,105.89,2,12,0,0.665,-6.671,6,1,-4.601,-0.318,-5.227,0.36,3.88,4,6,0,-1.662,113.37,7.421,37.94,T007_COX2,Ellagic acid,3,Synthetic - ML prediction tier; NOT experimental
324.47,2.311,110.27,6,9,1,0.264,-6.012,4,3,-5.601,-1.014,-4.414,0.9,4.43,5,7,0,-1.33,101.03,7.208,61.98,T007_COX2,Withanolide A,3,Synthetic - ML prediction tier; NOT experimental
310.09,-0.312,120.16,3,2,5,0.792,-4.161,2,0,-5.577,-1.931,-2.207,0.55,3.26,1,1,1,-2.584,118.26,4.267,54023.44,T004_FactorXa,Berberine,3,Synthetic - ML prediction tier; NOT experimental
585.64,2.649,130.45,2,4,0,0.269,-4.738,3,2,-5.671,-0.952,-3.904,0.59,5.44,1,6,2,2.476,131.85,5.741,1817.19,T006_Mpro,Withanolide A,3,Synthetic - ML prediction tier; NOT experimental
188.9,3.508,122.48,2,12,5,0.211,-4.776,2,3,-4.271,-1.659,-1.15,0.54,4.6,0,7,1,0.806,125.26,4.968,10766.1,T006_Mpro,Ellagic acid,3,Synthetic - ML prediction tier; NOT experimental
168.24,3.974,58.15,5,10,2,0.651,-9.879,2,1,-4.057,-0.269,-5.928,0.79,2.08,2,8,0,1.196,61.13,8.571,2.69,T004_FactorXa,Quercetin,3,Synthetic - ML prediction tier; NOT experimental
362.92,5.344,80.37,1,9,6,0.48,-7.354,2,4,-5.128,-1.145,-2.702,0.71,5.17,5,1,0,1.836,72.45,7.668,21.47,T007_COX2,Gallic acid,3,Synthetic - ML prediction tier; NOT experimental
458.13,1.968,104.46,6,11,8,0.275,-8.169,5,0,-4.665,0.555,-4.941,0.77,4.76,0,3,3,2.703,101.47,6.697,200.91,T010_ERa,Mangiferin,3,Synthetic - ML prediction tier; NOT experimental
153.8,1.748,63.59,2,6,10,0.398,-5.211,4,1,-5.992,0.727,-5.837,0.32,5.95,4,5,2,-1.978,65.03,6.099,795.32,T005_BACE1,Withanolide A,3,Synthetic - ML prediction tier; NOT experimental
427.87,1.848,122.44,3,2,9,0.522,-4.455,4,1,-5.194,-1.046,-5.208,0.44,5.55,1,8,0,0.789,128.13,5.706,1967.1,T004_FactorXa,Quercetin,3,Synthetic - ML prediction tier; NOT experimental
229.53,1.434,43.99,0,8,0,0.672,-7.05,1,4,-4.585,0.762,-5.606,0.53,5.71,1,7,2,-1.881,47.04,6.608,246.88,T003_TLR4,Curcumin,3,Synthetic - ML prediction tier; NOT experimental
246.91,4.543,138.95,6,8,4,0.694,-9.438,2,0,-4.723,-0.262,-5.483,0.58,4.98,0,2,2,-1.428,132.56,7.567,27.12,T010_ERa,Withanolide A,3,Synthetic - ML prediction tier; NOT experimental
345.4,2.446,33.29,0,9,10,0.257,-6.345,4,2,-4.733,-0.647,-5.194,0.48,6.52,5,0,0,2.855,43.17,7.261,54.86,T005_BACE1,Quercetin,3,Synthetic - ML prediction tier; NOT experimental
152.51,2.63,68.18,0,5,9,0.222,-11.327,5,1,-5.567,-0.905,-1.507,0.32,2.69,0,2,2,-1.358,62.16,8.449,3.56,T007_COX2,Curcumin,3,Synthetic - ML prediction tier; NOT experimental
383.52,4.354,95.41,3,5,4,0.33,-6.347,6,2,-4.076,-1.691,-2.034,0.65,2.83,1,7,3,2.297,93.88,7.37,42.69,T007_COX2,Curcumin,3,Synthetic - ML prediction tier; NOT experimental
557.95,3.237,121.09,3,5,9,0.465,-4.766,1,3,-5.666,-1.899,-3.443,0.65,3.47,5,8,2,-0.61,113.39,7.028,93.86,T003_TLR4,Glycyrrhizin,3,Synthetic - ML prediction tier; NOT experimental
272.66,0.791,85.75,1,7,1,0.207,-6.338,6,2,-5.572,-0.298,-4.392,0.44,2.33,2,3,1,-2.382,81.31,5.362,4343.96,T006_Mpro,Ellagic acid,3,Synthetic - ML prediction tier; NOT experimental
436.97,3.378,132.32,3,7,5,0.349,-11.128,4,3,-5.906,-1.177,-5.404,0.57,5.01,4,6,1,0.458,128.02,8.56,2.75,T001_mGluR2,Berberine,3,Synthetic - ML prediction tier; NOT experimental
292.18,4.55,90.42,4,10,0,0.453,-11.378,4,0,-4.34,-0.755,-4.495,0.49,3.73,0,8,2,-0.037,81.36,8.45,3.55,T004_FactorXa,Berberine,3,Synthetic - ML prediction tier; NOT experimental
396.67,3.347,166.57,6,7,9,0.277,-9.82,1,1,-5.79,-1.031,-2.562,0.56,2.85,1,5,0,2.605,173.93,7.231,58.7,T001_mGluR2,Gallic acid,3,Synthetic - ML prediction tier; NOT experimental
623.57,-0.05,79.4,4,8,4,0.724,-4.564,5,3,-5.76,-1.042,-5.26,0.65,6.25,3,7,0,0.131,74.21,6.562,274.0,T005_BACE1,Berberine,3,Synthetic - ML prediction tier; NOT experimental
638.17,1.431,139.63,1,3,4,0.775,-6.165,3,4,-4.329,-1.273,-2.764,0.81,5.47,0,7,0,-1.725,143.04,5.104,7872.97,T005_BACE1,Ellagic acid,3,Synthetic - ML prediction tier; NOT experimental
320.23,4.384,144.24,4,7,4,0.731,-6.585,5,0,-4.172,-1.344,-4.182,0.89,6.34,4,3,3,-1.872,139.8,6.848,141.86,T003_TLR4,Curcumin,3,Synthetic - ML prediction tier; NOT experimental
625.75,2.963,45.31,3,3,1,0.38,-4.794,2,2,-5.943,-0.014,-3.737,0.46,6.63,0,5,3,-1.728,43.25,5.452,3530.36,T005_BACE1,Curcumin,3,Synthetic - ML prediction tier; NOT experimental
334.89,-0.205,87.38,3,5,4,0.342,-10.175,3,4,-4.785,-0.444,-5.454,0.33,3.24,0,3,0,-2.681,78.09,6.885,130.28,T004_FactorXa,Withanolide A,3,Synthetic - ML prediction tier; NOT experimental
182.92,0.106,63.97,4,8,6,0.495,-9.851,6,2,-5.01,-1.487,-4.982,0.68,5.53,2,0,0,-1.89,72.13,6.47,339.21,T010_ERa,Withanolide A,3,Synthetic - ML prediction tier; NOT experimental
235.12,3.589,55.0,2,9,2,0.922,-6.505,4,2,-5.958,0.923,-1.594,0.4,5.8,0,5,3,0.499,54.76,6.33,468.2,T003_TLR4,Berberine,3,Synthetic - ML prediction tier; NOT experimental
204.69,4.414,115.09,2,5,8,0.577,-5.838,1,0,-5.391,0.209,-3.737,0.74,6.95,2,7,2,-0.814,105.36,6.315,484.62,T006_Mpro,Berberine,3,Synthetic - ML prediction tier; NOT experimental
206.38,3.615,139.23,0,4,6,0.842,-6.555,2,2,-5.004,-1.267,-2.295,0.88,3.8,5,1,1,2.524,136.79,7.176,66.72,T001_mGluR2,Curcumin,3,Synthetic - ML prediction tier; NOT experimental
588.57,3.573,164.88,3,10,2,0.399,-6.407,3,3,-4.822,0.836,-4.619,0.41,4.9,5,5,0,-0.399,163.98,7.355,44.17,T004_FactorXa,Ellagic acid,3,Synthetic - ML prediction tier; NOT experimental
634.73,2.494,132.83,3,12,2,0.592,-9.327,5,1,-5.393,-1.135,-2.001,0.31,2.2,2,1,0,-0.07,122.93,6.632,233.13,T004_FactorXa,Gallic acid,3,Synthetic - ML prediction tier; NOT experimental
174.95,0.326,161.81,6,10,10,0.919,-7.294,1,2,-5.715,0.199,-3.84,0.85,3.45,0,7,2,-1.508,165.38,5.59,2567.79,T001_mGluR2,Curcumin,3,Synthetic - ML prediction tier; NOT experimental
610.1,3.082,56.0,3,12,5,0.803,-10.456,2,2,-5.729,-0.337,-4.495,0.35,4.83,5,7,1,-0.744,63.51,9.5,0.32,T005_BACE1,Ellagic acid,3,Synthetic - ML prediction tier; NOT experimental
219.3,2.151,76.99,5,7,7,0.466,-8.001,4,3,-5.945,-0.323,-1.213,0.55,5.78,4,4,1,0.482,74.45,7.002,99.52,T004_FactorXa,Gallic acid,3,Synthetic - ML prediction tier; NOT experimental
527.67,1.856,90.44,0,9,8,0.545,-11.092,1,2,-4.34,-0.05,-4.333,0.36,3.45,3,5,0,-2.271,92.13,7.951,11.2,T006_Mpro,Gallic acid,3,Synthetic - ML prediction tier; NOT experimental
500.79,2.598,114.31,3,4,3,0.871,-6.702,2,2,-4.744,0.157,-1.317,0.78,5.12,1,1,0,-3.0,116.38,5.546,2841.95,T003_TLR4,Ellagic acid,3,Synthetic - ML prediction tier; NOT experimental
386.87,4.496,96.57,0,3,4,0.503,-4.13,2,4,-5.479,-0.162,-3.804,0.69,2.62,1,0,1,-2.15,101.46,4.728,18710.29,T003_TLR4,Bacoside A,3,Synthetic - ML prediction tier; NOT experimental
405.76,3.698,60.05,3,6,4,0.701,-4.307,4,2,-4.665,-0.826,-2.512,0.36,4.08,3,2,0,-1.299,52.46,5.232,5855.86,T001_mGluR2,Berberine,3,Synthetic - ML prediction tier; NOT experimental
171.32,4.942,174.42,3,9,4,0.207,-10.313,5,4,-5.578,0.708,-3.375,0.61,2.87,1,5,2,-0.243,181.59,8.053,8.84,T003_TLR4,Curcumin,3,Synthetic - ML prediction tier; NOT experimental
542.48,3.451,168.52,0,12,7,0.482,-7.962,6,1,-4.848,0.782,-2.123,0.62,2.65,2,5,3,-2.595,159.11,6.738,182.88,T007_COX2,Ellagic acid,3,Synthetic - ML prediction tier; NOT experimental
399.72,3.576,78.55,1,5,1,0.875,-10.195,4,3,-4.155,-1.814,-4.748,0.32,5.75,3,5,0,2.541,74.97,8.509,3.1,T007_COX2,Berberine,3,Synthetic - ML prediction tier; NOT experimental
338.81,5.433,116.07,1,5,4,0.568,-6.409,2,1,-4.516,-0.698,-3.357,0.77,2.43,0,1,1,-2.801,108.88,6.184,654.85,T006_Mpro,Quercetin,3,Synthetic - ML prediction tier; NOT experimental
582.25,1.544,132.35,5,12,8,0.572,-5.257,5,3,-4.998,-0.931,-1.501,0.81,6.01,3,6,3,2.244,133.74,6.238,578.4,T003_TLR4,Quercetin,3,Synthetic - ML prediction tier; NOT experimental
299.11,0.208,64.59,4,10,5,0.217,-5.34,3,2,-5.219,-0.926,-1.638,0.39,3.44,4,3,2,-0.605,55.72,6.018,959.8,T005_BACE1,Curcumin,3,Synthetic - ML prediction tier; NOT experimental
476.62,-0.306,93.21,1,7,0,0.304,-7.397,6,2,-4.152,-0.01,-1.609,0.44,2.36,4,0,2,2.886,102.21,6.259,551.22,T006_Mpro,Ellagic acid,3,Synthetic - ML prediction tier; NOT experimental
593.76,2.373,49.42,5,2,1,0.227,-7.693,6,2,-5.137,-1.09,-1.751,0.88,2.11,0,0,1,0.205,56.63,5.806,1561.38,T006_Mpro,Berberine,3,Synthetic - ML prediction tier; NOT experimental
176.07,4.094,134.32,3,8,8,0.303,-8.215,5,2,-5.296,-0.971,-1.41,0.44,2.46,0,3,3,1.485,142.08,6.026,942.46,T010_ERa,Quercetin,3,Synthetic - ML prediction tier; NOT experimental
434.02,5.446,32.23,5,5,0,0.257,-10.55,2,2,-5.913,-0.951,-2.724,0.45,3.46,4,6,3,0.945,35.37,9.5,0.32,T003_TLR4,Berberine,3,Synthetic - ML prediction tier; NOT experimental
502.63,4.381,164.65,6,5,7,0.735,-4.439,5,2,-4.262,-1.267,-1.535,0.49,4.71,0,0,2,2.403,168.76,4.741,18168.96,T006_Mpro,Berberine,3,Synthetic - ML prediction tier; NOT experimental
289.89,0.721,50.57,4,5,4,0.756,-9.919,3,1,-5.928,-1.295,-3.799,0.76,6.77,0,7,0,-1.378,52.33,7.477,33.35,T001_mGluR2,Curcumin,3,Synthetic - ML prediction tier; NOT experimental
577.29,1.804,32.83,3,8,7,0.233,-9.957,2,3,-4.935,-0.019,-5.843,0.76,6.69,4,5,2,1.861,34.65,9.5,0.32,T010_ERa,Gallic acid,3,Synthetic - ML prediction tier; NOT experimental
320.47,4.475,95.11,3,2,1,0.615,-4.356,6,2,-4.283,0.814,-3.682,0.64,4.84,4,4,1,2.762,94.46,6.627,236.22,T001_mGluR2,Curcumin,3,Synthetic - ML prediction tier; NOT experimental
549.79,5.206,42.83,1,10,4,0.453,-8.54,5,2,-5.277,-0.022,-2.088,0.79,5.04,0,4,2,2.016,49.78,7.759,17.41,T005_BACE1,Berberine,3,Synthetic - ML prediction tier; NOT experimental
158.63,-0.447,35.55,2,9,10,0.833,-9.866,1,4,-4.122,-1.171,-2.948,0.49,2.32,1,4,2,-1.443,35.45,7.768,17.06,T010_ERa,Gallic acid,3,Synthetic - ML prediction tier; NOT experimental
266.34,3.428,57.64,4,9,9,0.438,-7.349,2,0,-4.097,0.976,-1.124,0.31,6.22,2,8,0,0.603,54.63,7.923,11.93,T001_mGluR2,Quercetin,3,Synthetic - ML prediction tier; NOT experimental
371.91,2.566,65.55,2,11,5,0.822,-6.392,1,3,-4.248,-1.571,-4.367,0.77,3.67,3,5,3,2.655,61.43,7.71,19.48,T004_FactorXa,Bacoside A,3,Synthetic - ML prediction tier; NOT experimental
605.94,-0.347,121.36,6,7,8,0.737,-5.935,5,2,-4.12,-0.863,-3.087,0.69,2.75,5,1,0,2.752,131.2,5.907,1238.03,T006_Mpro,Quercetin,3,Synthetic - ML prediction tier; NOT experimental
